tech_route,dimension,value,unit,value_min,value_max,status,paper_ids,project_rows,evidence_quote,confidence,note
mems_3d,switching_time,150 us to a few ms,,,,reported,W2560361359;W2996949883,,"We present the design, fabrication, and experimental characterization of a proof-of-principle prototype using a single comb-driven MEMS mirror to achieve 150 μs switching of 61 ports between four preprogrammed interconnection mappings. || However, 3D MEMS fabrics are generally dismissed from serious consideration for this application because of their slow switching speeds (∼few milliseconds) and high costs ($100/port).",medium,"Two papers, two different figures, kept as a range. The low end is a proof-of-principle selector switch that relaxes arbitrary configurability (W2560361359). The high end is the speed W2996949883 gives for 3D MEMS fabrics in general. The Apollo paper (W4292950821) names switching time as a design requirement without a figure, so a human should check its full text."
mems_3d,insertion_loss,1.2 to 4.0,dB,1.2,4.0,reported,W3215039088;W2040047675;W1982772673;W2138361600,,"We experimentally show that the CSS prototype exhibits low insertion loss (1.2∼2.7 dB) || This paper describes the subsystem design and performance of a 256/spl times/256-port micromechanical beam-steering optical cross-connect with 1.33-dB average loss, which can provide 238/spl times/238-port cross-connect with a maximum loss of less than 2dB. || The low loss (<3dB for all 102,400 paths) and variable attenuation capable optical switch performs penalty-free for cascaded operation at 40Gbits/s. || We present a microelectromechanical systems-based beam steering optical crossconnect switch core with port count exceeding 1100, featuring mean fiber-to-fiber insertion loss of 2.1 dB and maximum insertion loss of 4.0 dB across all possible connections.",high,"Range across four route papers that agree loss stays within a few dB. The low end is a MEMS mirror core selective switch prototype (W3215039088). The high end is the maximum loss over all connections of the largest crossconnect (W2138361600), whose mean is 2.1 dB."
mems_3d,port_count,more than 1100,ports,,,reported,W2138361600,,"We present a microelectromechanical systems-based beam steering optical crossconnect switch core with port count exceeding 1100, featuring mean fiber-to-fiber insertion loss of 2.1 dB and maximum insertion loss of 4.0 dB across all possible connections.",medium,"Largest demonstrated. Other route papers report smaller fabrics (W2040047675, W1982772673). The larger selector switch in W2560361359 is an optical design, not a build. The W3041044413 abstract gives port numbers that disagree with its own title, so it is not used."
mems_3d,polarization_dependent_loss,,,,,not_reported_in_abstract,,,,,The only PDL figure in the route abstracts (W3215039088) is a garbled LaTeX fragment that cannot be read as a PDL value. A human should check the full text of W3215039088.
mems_3d,crosstalk,,,,,not_reported_in_abstract,,,,,"W2040047675 says expected and measured static and dynamic crosstalk are compared, the review W2914521323 lists crosstalk among the optical properties it discusses, and W7171539399 characterizes crosstalk at the quantum level, but no abstract gives a figure. A human should check the full text of W2914521323 or W2040047675."
mems_3d,wavelength_range,"1500 to 1630 nm (S band, C band, L band)",nm,1500,1630,reported,W3215039088,,"an ultra-wide wavelength range from 1500 nm to 1630 nm. Bit-error-rate measurements using optical signals in the C-band, S-band, and L-band",medium,"One paper, a MEMS mirror core selective switch prototype. The quote runs from the end of one sentence into the next so that the range and the band names come from the same source."
mems_3d,integration,free_space_bulk,,,,reported,W3215039088,,"In this paper, we report on a novel CSS design employing a two dimensionally arranged microlens-based multicore fiber (MCF) collimator array and a micro-electromechanical systems (MEMS) mirror array.",medium,"A fiber collimator array facing a MEMS mirror array means beams cross free space, which is the free_space_bulk definition in the ocs-domain skill. In the tags table 16 of the 16 route papers in data/work/route_mems_3d.json carry integration free_space_bulk."
mems_3d,packaging_notes,"Stable cubic switch housing, packaging by tolerance expansion, simple component assembly, shock absorption for reliability; precise alignment between multicore fibers and collimator lenses",,,,reported,W2043855221;W3215039088,,"stable switch housing with cubic structure, packaging techniques by tolerance expansion and simple procedures of the component assembly, MEMS mirror controller with fast and low power digital notch circuit, reliability by shock absorption || The former enables precise alignment between MCFs and collimator lenses, and the latter yields polarization-independent high reflection over a wide wavelength range and a large tilt angle.",medium,"Items from two papers, each stated once. In W3215039088 ""the former"" is the collimator array named in the sentence before."
mems_3d,trl_band,production,,,,reported,W4292950821,1;4,"In this paper, we describe Apollo, to the best of our knowledge, the world's first large-scale production deployment of optical circuit switches (OCSes) for datacenter networking. || Over multiple years, we designed and built Apollo OCS that now forms the basis for the vast majority of our data center networks. || With over 1 million port switches shipped, we’re automating & accelerating change across industries.",high,"W4292950821 calls Apollo a large-scale production deployment, and a later sentence of the same abstract says its OCS is an internally developed 3D MEMS-based design. projects.csv row 1 is the same Google system. projects.csv row 4 (Calient) is an independent vendor claim, and its tech_route comes from the scout's seed list, not from the page (see its note in data/projects.csv)."
mems_3d,academic_groups,Michal Štepanovský (Czech Technical University in Prague) 3 papers; Joseph E. Ford (University of California San Diego) 2 papers; David T. Neilson (Nokia (United States)) 2 papers; Ivan Plander (Evropský Polytechnický Institut) 2 papers; William Maxwell Mellette (University of California San Diego) 2 papers,,,,derived,W2040047675;W2108251206;W2138361600;W2343971467;W2529948110;W2560361359;W2914521323,,,high,"Derived by pipeline/matrix_build.py. Authors from graphs/top_pis.csv ranked by how many papers of data/work/route_mems_3d.json (16 in all, primary and secondary route matches) they coauthor, ties broken by core_paper_count in graphs/top_pis.csv, institution as listed there. 11 more authors tie with the last one listed."
mems_3d,companies,Google; Lumentum; Calient; UTStarcom,,,,reported,,1;2;4;11,"Over multiple years, we designed and built Apollo OCS that now forms the basis for the vast majority of our data center networks. || Built on field‑proven Lumentum micro‑electro‑mechanical systems (MEMS) technology with over a trillion mirror operating hours || With over 1 million port switches shipped, we’re automating & accelerating change across industries. || unveiled concept prototypes of its next-generation Optical Circuit Switching (OCS) platform designed specifically for AI data center (AI DC) networking infrastructure",medium,"Vendor claims. Entities are the data/projects.csv rows whose tech_route is mems_3d, a route the scout assigned (see each row's note there)."
mems_3d,ai_cluster_fit,yes,,,,reported,W2560361359;W2792477041,11,"This architecture and switch design enable MEMS beam-steering micromirrors to scale to microsecond response speeds while supporting high port count and low loss switching, and can realize a number of useful interconnection topologies. || Results show that it is feasible to use MEMS retroreflective acquisition and tracking system to achieve agile reconfigurable FSO links for flexible wireless datacenter inter-rack networks. || unveiled concept prototypes of its next-generation Optical Circuit Switching (OCS) platform designed specifically for AI data center (AI DC) networking infrastructure",high,"W2560361359 proposes the route for data center networks with switchable interconnection topologies, and W2792477041 uses MEMS beam steering for reconfigurable links between datacenter racks. No route abstract names accelerators or machine learning. The AI data center use comes only from projects.csv row 11, a vendor claim about concept prototypes. Apollo (W4292950821) describes datacenter use without naming accelerators or a spine layer."
mems_3d,cost_per_port,100,USD per port,,,reported,W2996949883,,"However, 3D MEMS fabrics are generally dismissed from serious consideration for this application because of their slow switching speeds (∼few milliseconds) and high costs ($100/port).",low,"Stated in passing by W2996949883 as the high cost that keeps 3D MEMS fabrics out of data centers, not a measured price. The paper claims its control method cuts cost by a factor of three."
mems_3d,scaling_limit,"Response speed trades against port count, crosstalk and insertion loss; conventional MEMS beam-steering cross-connects cannot give submillisecond switching at the port count data centers need",,,,reported,W2560361359;W2108251206,,"However, conventional MEMS beam-steering cross-connects cannot provide submillisecond switching with the port count necessary for data centers. || We present a first-principles analysis of the scaling of switch response speed as a function of port count, crosstalk, and insertion loss, based on physical optics and kinematics of canonical MEMS tilt mirror switch structures.",high,Two papers state the same trade-off between switching speed and port count.
mems_2d,switching_time,,,,,not_reported_in_abstract,,,,,"No route abstract gives a switching time for 2D MEMS. The review W2914521323 gives a range for MEMS cross-connects in general without saying which part applies to 2D mirrors, so a human should check its full text."
mems_2d,insertion_loss,,,,,not_reported_in_abstract,,,,,W1653883346 says low loss without a figure. A human should check the full text of W2914521323 or W1653883346.
mems_2d,port_count,16 x 16,,,,reported,W1653883346,,In conclusion we have demonstrated fully nonblocking 16/spl times/16 switches in a single chip solution using MEMS fabricated by a surface micro-machining.,medium,"Single-chip switch. W2605844474 reports a MEMS phase modulator array for diffraction-based switching, and its array size is not a port count."
mems_2d,polarization_dependent_loss,,,,,not_reported_in_abstract,,,,,"No route abstract mentions polarization. A human should check the full text of W2089755139, which discusses the performance of 2D MEMS optical switches."
mems_2d,crosstalk,,,,,not_reported_in_abstract,,,,,"No route abstract gives a crosstalk figure. A human should check the full text of W2914521323, a review that lists crosstalk among the optical properties it discusses."
mems_2d,wavelength_range,,,,,not_reported_in_abstract,,,,,No route abstract gives a wavelength or band. A human should check the full text of W2089755139.
mems_2d,integration,free_space_bulk,,,,reported,W2605844474,,We are presenting an overview of MEMS-based (Micro-Electro-Mechanical System) optical switch technology starting from the reflective two-dimensional (2D) and three-dimensional (3D) MEMS implementations.,low,"The abstract names reflective 2D MEMS switches, meaning micromirrors that reflect beams, which is the free_space_bulk definition. No route abstract says free space in words, hence low confidence. In the tags table 4 of the 4 route papers in data/work/route_mems_2d.json carry integration free_space_bulk."
mems_2d,packaging_notes,Packaged component; high reliability of the actuation mechanism; packaging method not stated,,,,reported,W1653883346,,"high reliability of the actuation mechanism, which translated into low loss and high reliability of the packaged component",low,The abstract says the component was packaged but not how.
mems_2d,trl_band,lab,,,,reported,W1653883346,,In conclusion we have demonstrated fully nonblocking 16/spl times/16 switches in a single chip solution using MEMS fabricated by a surface micro-machining.,medium,No route abstract or projects.csv row reports a field trial or product for this route.
mems_2d,academic_groups,"Ming C. Wu (University of California, Berkeley) 2 papers; Steffen Gloeckner (Omron (Japan)) 2 papers; Susant K. Patra (Omron (Japan)) 2 papers; Michal Štepanovský (Czech Technical University in Prague) 1 paper; Pierre‐Alexandre Blanche (University of Arizona) 1 paper",,,,derived,W1653883346;W2089755139;W2605844474;W2914521323,,,high,"Derived by pipeline/matrix_build.py. Authors from graphs/top_pis.csv ranked by how many papers of data/work/route_mems_2d.json (4 in all, primary and secondary route matches) they coauthor, ties broken by core_paper_count in graphs/top_pis.csv, institution as listed there. 16 more authors tie with the last one listed."
mems_2d,companies,,,,,no_source,,,,,"No row in data/projects.csv has tech_route mems_2d. Rows with tech_route unclear (iPronics, Oriole Networks, Lightmatter) are not counted in any route."
mems_2d,ai_cluster_fit,no,,,,reported,W2089755139,,The use of MEMS for optical switching has turned out to be most attractive since this application could revolutionize fiber optic telecommunications.,medium,"Route abstracts name telecommunications and fiber optic networks as uses, and none names data centers, accelerators or machine learning."
mems_2d,cost_per_port,,,,,not_reported_in_abstract,,,,,W2089755139 calls silicon optical MEMS low-cost without a figure. A human should check the full text of W2089755139.
mems_2d,scaling_limit,,,,,not_reported_in_abstract,,,,,"No route abstract states what limits the port count of 2D MEMS switches. W2605844474 says mirror size limits speed, not port count. A human should check the full text of W2914521323."
mems_silicon_photonic,switching_time,0.4 to 200,us,0.4,200,reported,W2615050161;W2094432207,,"Fiber-to-grating coupler loss of 4.25 dB/facet, 10-11bit error rate (BER) through the longest optical path, and 0.4 μs switch reconfiguration time have been demonstrated using 10 Gb/s Ethernet data stream. || The switches are characterized by low actuation voltage (3-20 V), short switching times (32-200 /spl mu/s), and low crosstalk (< -30 dB).",high,Many route papers report sub-microsecond to microsecond times. The low end is a packaged digital switch (W2615050161). The high end is an early cantilever waveguide switch whose abstract writes microseconds as /spl mu/s (W2094432207).
mems_silicon_photonic,insertion_loss,under 1.5 to 22.7,dB,1.5,22.7,reported,W7172527693;W2800201100,,The optical switch element exhibits an insertion loss of less than 1.5 dB with a low static power consumption of approx 20 nW at maximum actuation voltage. || The maximum (minimum) on-chip loss is 22.7 dB (4.8 dB).,medium,The low end is a single switch element (W7172527693). The high end is the maximum on-chip loss of the largest fabric (W2800201100). Packaged fiber-to-fiber loss is reported separately in W2581695752.
mems_silicon_photonic,port_count,128 x 128,,,,reported,W2800201100;W2786734285,,"128×128 silicon photonic switch with 16,384 MEMS-actuated switching elements and row/column addressing scheme have been successfully integrated on a 16×17mm2 chip. || We design and fabricate the packaging of 128 × 128 silicon photonic MEMS switch device using through glass via (TGV) interposer and pitch reducing fibre array.",high,"Two papers report a fabric of this size, one on chip and one as a package."
mems_silicon_photonic,polarization_dependent_loss,0.5 to 8.5,dB,0.5,8.5,reported,W2591111335;W2782897921,,The adiabatically tapered waveguide couplers in Gen-C are designed to switch both TE- and TM-modes at the same time while Polarization-Dependent-Loss (PDL) is held to 0.5 dB. || A polarization-dependent loss of 8.5 dB and a polarization-dependent delay of 44 ps were measured.,low,Not the same kind of figure. 8.5 dB is measured on a fabricated prototype (W2782897921). 0.5 dB is a design figure for the Gen-C switch in a dissertation (W2591111335). W2782897921 also gives a simulated figure for an improved design.
mems_silicon_photonic,crosstalk,-30 to -80,dB,-80,-30,reported,W2979824403;W4226451033,,"The WXC exhibits a low crosstalk of −30 dB, a submicrosecond switching time of 0.7 µs, and on-chip optical insertion losses varying from 8.8 dB to 16.4 dB. || The maximum on-chip loss is measured to be 4 dB and the cross-talk is -80 dB.",medium,"The -30 dB end is a wavelength cross-connect (W2979824403), the -80 dB end a wafer-bonded switch (W4226451033)."
mems_silicon_photonic,wavelength_range,1250 to 1700 nm; C band,nm,1250,1700,reported,W3115038226;W2257494936;W7172527693,,"This photonic switch works very well with a low excess loss of ~0.2 dB and a high extinction ratio of >23 dB in an ultra-broad wavelength range of 1250-1650 nm in the OFF state. || Our switch exhibits a sub-microsecond switching time (0.85 μs), a broad spectral bandwidth (1400-1700 nm), and digital switching characteristic. || We demonstrate a broadband silicon photonics MEMS switch with more than 30 dB extinction ratio operating in C-band using a zero-change foundry-compatible process and Back-end-of-Line (BEOL) post-processing.",medium,"The low end is a single total internal reflection switch (W3115038226), the high end a crossbar switch (W2257494936). W7172527693 names only the C band."
mems_silicon_photonic,integration,integrated_photonic,,,,reported,W1982681165,,"In this paper, we report on a new type of integrated OCS that combines silicon photonics with MEMS actuation.",high,Silicon photonic waveguides moved by MEMS actuators on one chip. In the tags table 43 of the 43 route papers in data/work/route_mems_silicon_photonic.json carry integration integrated_photonic.
mems_silicon_photonic,packaging_notes,Electrical redistribution lines on an aluminum nitride interposer and a polished lidless fiber array; through glass via interposer with a pitch reducing fibre array; pluggable package with passive optical coupling; runs reliably over 10 billion cycles in ambient environment without packaging,,,,reported,W2615050161;W2786734285;W2919451605;W1945545782,,"single-layer electrical redistribution lines of 25 μm line width and space on aluminum nitride interposer and 13° polished 64-channel lidless fiber array (FA) || We design and fabricate the packaging of 128 × 128 silicon photonic MEMS switch device using through glass via (TGV) interposer and pitch reducing fibre array. || In this article, we proposed a pluggable silicon photonic MEMS switch package with passive optical coupling assembly. || The switch operates reliably over 10 billion cycles and up to 48 hours of continuous contact in ambient environment without packaging.",medium,"Items from four papers, each stated once."
mems_silicon_photonic,trl_band,lab,,,,reported,W2782897921,,An experimental prototype switch was fabricated by bonding two silicon-on-insulator wafers.,medium,"projects.csv row 8 (nEye) has stage prototype, and its quote says the chip moves from the lab to the fab, which does not show a pilot run or a product. W3138799074 reports fabrication in a commercial CMOS foundry, which is still a lab device."
mems_silicon_photonic,academic_groups,"Ming C. Wu (University of California, Berkeley) 19 papers; Tae Joon Seok (University of California, Berkeley) 17 papers; Niels Quack (École Polytechnique Fédérale de Lausanne) 16 papers; Sangyoon Han (University of California, Berkeley) 15 papers; R.S. Muller (University of California, Berkeley) 12 papers",,,,derived,W1515664994;W1945545782;W1976569985;W1982681165;W2186858051;W2226395753;W2257494936;W2260723393;W2271940456;W2581695752;W2591111335;W2615050161;W2738975469;W2782897921;W2786734285;W2800201100;W2918631369;W2919451605;W2979824403;W3097557698;W3138799074;W3139267661;W4211023690;W4226451033;W4393174577,,,high,"Derived by pipeline/matrix_build.py. Authors from graphs/top_pis.csv ranked by how many papers of data/work/route_mems_silicon_photonic.json (43 in all, primary and secondary route matches) they coauthor, ties broken by core_paper_count in graphs/top_pis.csv, institution as listed there."
mems_silicon_photonic,companies,nEye,,,,reported,,8,nEye's unique OCS-on-a-chip moves from the lab to the fab.,medium,"Vendor claims. Entities are the data/projects.csv rows whose tech_route is mems_silicon_photonic, a route the scout assigned (see each row's note there)."
mems_silicon_photonic,ai_cluster_fit,yes,,,,reported,W7172527693;W1982681165,,Large-scale photonic switches are emerging as essential devices for energy-efficient optical interconnect in data centers and AI/ML clusters as a key enabler for high-bandwidth and low-latency connectivity. || Fast optical circuit switches (OCSs) with high port count offer reconfigurable bandwidth in optical networks and have the potential to significantly increase the performance and efficiency of modern datacenters.,high,W7172527693 names AI/ML clusters directly. W4402905306 and W4414694752 also name artificial intelligence as a motivation.
mems_silicon_photonic,cost_per_port,,,,,not_reported_in_abstract,,,,,"No route abstract gives a cost figure. A human should check the full text of W2896156020, a survey of silicon photonic switch fabrics that covers MEMS actuation."
mems_silicon_photonic,scaling_limit,"Electrical interconnect count: individual addressing needs N squared electrodes, and packaging must handle N squared electrical and 2N optical connections; optical loss does not accumulate with port count in the crossbar",,,,reported,W2271940456;W2615050161;W2591111335,,"For a crossbar architecture switch fabric of dimension N × N, the row/column addressing scales with 2 · N electrodes, much reduced from the N2electrodes in individual addressing. || The challenges in packaging N2electrical and 2N optical interconnections are addressed || As a result, switching loss does not accumulate as port count increases.",medium,The abstracts write N squared as N2. Row/column addressing (W2271940456) is a way around the electrode count.
lcos,switching_time,11.5,us,,,reported,W2002555923,,This hybrid network uses a standard electrical packet switch and an optical circuit-switched architecture based on a wavelength-selective switch that has a measured mean port-to-port network reconfiguration time of 11.5$\mu{\rm s}$including the signal acquisition by the network interface card.,low,"Network-level time including signal acquisition by the network interface card, not the bare switch. The abstract names a wavelength-selective switch and not LCoS. The route comes from the tag, since the ocs-domain skill lists WSS as an lcos signal word. A human should check the full text of W2002555923 for the switching technology."
lcos,insertion_loss,about 2 dB (projected net loss),dB,,,reported,W3034334810,,"Although some output MCF ports exhibit relatively high insertion loss (IL), the CSS prototype shows that a CSS will potentially provide low net IL at the level of approximately 2 dB.",low,"A projection for a core selective switch built on an LCoS spatial light modulator. The abstract says some output ports of the prototype had relatively high loss, without a figure."
lcos,port_count,1 x 6 (5-core fiber ports),,,,reported,W3034334810,,"We show an example of an implemented 5-core 1 × 6 CSS prototype that integrates an MCF collimator, spatial multiplexer/demultiplexer array, and liquid-crystal-on-silicon spatial light modulator.",medium,"Core selective switch prototype. projects.csv row 3 names a larger Coherent product only in its product_or_project field, not in its evidence quote, so it is not used."
lcos,polarization_dependent_loss,,,,,not_reported_in_abstract,,,,,No route abstract mentions PDL. A human should check the full text of W3034334810.
lcos,crosstalk,,,,,not_reported_in_abstract,,,,,No route abstract gives crosstalk. A human should check the full text of W3034334810.
lcos,wavelength_range,,,,,not_reported_in_abstract,,,,,No route abstract gives a wavelength or band. A human should check the full text of W3034334810.
lcos,integration,free_space_bulk,,,,reported,W3034334810,,"We describe the principle, design, and prototyping of a free-space-optics-based core selective switch (CSS) for spatial channel (SCh) networks (SCNs) in the age of space division multiplexing (SDM).",medium,The abstract calls the switch free-space-optics-based. In the tags table 3 of the 6 route papers in data/work/route_lcos.json carry integration free_space_bulk.
lcos,packaging_notes,"Assembly integrates a multicore fiber collimator, a spatial multiplexer/demultiplexer array and an LCoS spatial light modulator",,,,reported,W3034334810,,"We show an example of an implemented 5-core 1 × 6 CSS prototype that integrates an MCF collimator, spatial multiplexer/demultiplexer array, and liquid-crystal-on-silicon spatial light modulator.",medium,One paper. The collimator is the fiber attach.
lcos,trl_band,lab,,,,reported,W3034334810,,"We show an example of an implemented 5-core 1 × 6 CSS prototype that integrates an MCF collimator, spatial multiplexer/demultiplexer array, and liquid-crystal-on-silicon spatial light modulator.",medium,"projects.csv row 3 (Coherent) announces an OCS on liquid-crystal technology with a live demo. Its quote calls the underlying liquid-crystal technology field-proven but does not say the switch has shipped, and its note says availability is not stated, so it does not show pilot or production."
lcos,academic_groups,Nicola Calabretta (Eindhoven University of Technology) 2 papers; Xuwei Xue (Eindhoven University of Technology) 2 papers; Fulong Yan (Eindhoven University of Technology) 2 papers; Bitao Pan (Eindhoven University of Technology) 2 papers; Kristif Prifti (Eindhoven University of Technology) 2 papers,,,,derived,W3036907365;W3203666589,,,high,"Derived by pipeline/matrix_build.py. Authors from graphs/top_pis.csv ranked by how many papers of data/work/route_lcos.json (6 in all, primary and secondary route matches) they coauthor, ties broken by core_paper_count in graphs/top_pis.csv, institution as listed there. 2 more authors tie with the last one listed."
lcos,companies,Coherent,,,,reported,,3,a new optical circuit switch (OCS) based on the company’s field-proven and ultrareliable digital liquid-crystal technology,medium,"Vendor claims. Entities are the data/projects.csv rows whose tech_route is lcos, a route the scout assigned (see each row's note there)."
lcos,ai_cluster_fit,yes,,,,reported,W3203666589;W3036907365,,"To this end, we propose and experimentally evaluate a software-defined networking enabled reconfigurable optical DCN with dynamic bandwidth allocation in this work, based on novel optical top of racks exploiting a wavelength selective switch. || In the proposed DCN architecture, the novel optical flexible ToRs employing multiple transceivers (TRXs) and a wavelength selective switch (WSS) are reconfigured by the software-defined networking (SDN) control plane.",low,"Both are data center architecture papers (primary tag architecture_only) that reconfigure the network with wavelength selective switches. Neither names LCoS, so the link to this route rests on the WSS signal word in the ocs-domain skill. No route abstract names accelerators or machine learning. W2002555923 names datacenters."
lcos,cost_per_port,,,,,not_reported_in_abstract,,,,,No route abstract gives a cost figure. ROTOS (W3036907365) compares network cost with electrical switching but not per port. A human should check the full text of W2002555923.
lcos,scaling_limit,,,,,not_reported_in_abstract,,,,,W2002555923 says the architecture scales by adding parallel rings but states no limit. A human should check the full text of W2002555923.
piezo,switching_time,millisecond scale,,,,reported,W4323644257,,"a re-configurable network with both tunable sources and piezoelectric actuator (PZT) based beam-steering which can scale up to 8 racks, 2,904 nodes and 185,856 channels at millisecond PZT switching time",low,"The switching time assumed in a data center network design that uses piezoelectric (PZT) beam steering, not a measurement of a switch. The paper's primary tag is architecture_only."
piezo,insertion_loss,below 2.2,dB,,,reported,W2591729902,,A 3-port single-sided beam-steering switch connecting 4-core fibers shows core-to-core losses below 2.2 dB with less than 1-dB variation.,medium,"Core-to-core loss of a small beam-steering switch for multi-core fibers. The abstract says beam-steering and does not name piezoelectric actuation, so the route comes from the tag."
piezo,port_count,3 ports demonstrated; 50 ports in a design analysis,,3,50,reported,W2591729902;W2913395450,,A 3-port single-sided beam-steering switch connecting 4-core fibers shows core-to-core losses below 2.2 dB with less than 1-dB variation. || A 50 port switch is possible for a 25 μm core pitch 7 core hexagonal trench assisted MCF (TA-MCF) with a total mean statistical crosstalk on the central core of -25 dB after 1 km,low,"The larger figure is a design calculation for a multicore fiber switch, not a built switch. Neither abstract names piezoelectric actuation."
piezo,polarization_dependent_loss,,,,,not_reported_in_abstract,,,,,No route abstract mentions PDL. A human should check the full text of W2591729902.
piezo,crosstalk,"-25 dB (intercore, design analysis)",dB,,,reported,W2913395450,,A 50 port switch is possible for a 25 μm core pitch 7 core hexagonal trench assisted MCF (TA-MCF) with a total mean statistical crosstalk on the central core of -25 dB after 1 km,low,"Total mean intercore crosstalk on the central core of a multicore fiber after the switch and a fiber link, from a design calculation, not a measurement of port isolation."
piezo,wavelength_range,,,,,not_reported_in_abstract,,,,,"W2913395450 assumes one operating wavelength in its design analysis, which is not a range. A human should check the full text of W2591729902."
piezo,integration,free_space_bulk,,,,reported,,5,makes connections using compact piezo-electric actuators to align collimated beams of light from opposing arrays of input and output fibers,medium,Vendor description from projects.csv row 5. Collimated beams between opposing fiber arrays match the free_space_bulk definition. In the tags table 3 of the 4 route papers in data/work/route_piezo.json carry integration free_space_bulk.
piezo,packaging_notes,Multi-core fibers directly integrated in the switch; losses from system misalignment and core-pitch variation estimated,,,,reported,W2591729902;W2913395450,,We report on the development of the first multi-lane all-optical switch with directly integrated multi-core fibers. || Potential losses from system misalignments and fiber fabrication variations in the core pitch are also estimated.,medium,"Items from two papers, each stated once."
piezo,trl_band,lab,,,,reported,W2591729902,,A 3-port single-sided beam-steering switch connecting 4-core fibers shows core-to-core losses below 2.2 dB with less than 1-dB variation.,low,"A built lab switch. projects.csv row 5 (Polatis) has stage shipping, but its evidence quote describes the mechanism and not availability, and row 10 quotes a trade-show booth, so no quote shows pilot or production. The scout's note on row 5 cites shop links, which a human could add as evidence."
piezo,academic_groups,Georgios Zervas (University of Bristol) 3 papers; Nick Parsons (Polatis (United Kingdom)) 2 papers; David John Richardson (University of Southampton) 2 papers; Saurabh Jain (University of Southampton) 2 papers; Dimitra E. Simeonidou (University of Bristol) 1 paper,,,,derived,W2068954499;W2591729902;W2913395450;W4323644257,,,high,"Derived by pipeline/matrix_build.py. Authors from graphs/top_pis.csv ranked by how many papers of data/work/route_piezo.json (4 in all, primary and secondary route matches) they coauthor, ties broken by core_paper_count in graphs/top_pis.csv, institution as listed there. 22 more authors tie with the last one listed."
piezo,companies,Polatis; Drut Technologies,,,,reported,,5;10,makes connections using compact piezo-electric actuators to align collimated beams of light from opposing arrays of input and output fibers || another POLATIS OCS features as a key component of the dynamic photonic fabric in Drut Technologies’ next-generation,medium,"Vendor claims. Entities are the data/projects.csv rows whose tech_route is piezo, a route the scout assigned (see each row's note there)."
piezo,ai_cluster_fit,yes,,,,reported,W4323644257;W2068954499,,"a re-configurable network with both tunable sources and piezoelectric actuator (PZT) based beam-steering which can scale up to 8 racks, 2,904 nodes and 185,856 channels at millisecond PZT switching time || Beam-steering large-port-count fiber switches, used as central cluster switches and intercluster switch, provide a single hop optical circuit switching solution, and also enable network function programmability for DCN to support variable traffic patterns and different network functions.",medium,"Both are data center architecture papers whose primary tag is architecture_only. W4323644257 names piezoelectric beam steering, W2068954499 says beam-steering fiber switches. No route abstract names accelerators or machine learning."
piezo,cost_per_port,,,,,not_reported_in_abstract,,,,,No route abstract gives a cost figure. A human should check the full text of W2591729902.
piezo,scaling_limit,Port count set by maximum steering angle and port separation; more cores or a larger mode field raise intercore crosstalk,,,,reported,W2913395450,,"Decreasing port separation or increasing the maximum steering angle both increase port count, whilst a higher core count or larger mode field diameter increase port capacity or port count, respectively, at the expense of greater intercore crosstalk.",medium,From a design analysis of multicore fiber beam-steering switches.
thermo_optic,switching_time,1 to under 100,us,1,100,reported,W2217470677;W2039715757;W2053780865,,"Owing to efficient thermo-optic design, the power consumption is below 3 mW while the switching time is 1 µs. || Thermo-optic actuation with a 2-D array of on-chip microheaters allows rise and fall switching times of 17 and 4 microseconds respectively. || At a 1550-nm wavelength, we obtained an extinction ratio larger than 30 dB, a switching power as low as 90 mW, and a switching response time of less than 100 mus.",high,"Three papers, all in the microsecond range. W2053780865 writes the unit as mus, read here as microseconds."
thermo_optic,insertion_loss,0.2 to 15.8,dB,0.2,15.8,reported,W4308917780;W834513743,,"Across the C-band (1530$\sim$1565 nm), the fabricated MZS has insertion losses of 0.2$\sim$4.3 dB and ERs > 16 dB (14 dB) at the cross (bar) port for both the TE and TM polarizations. || The on-chip loss is measured to be 15.8 ± 1.0 dB, and successful switching is demonstrated for digital-coherent 43-Gb/s QPSK signals.",medium,"The low end is a single switch element across the C band (W4308917780), the high end the on-chip loss of a large fabric (W834513743). Simulated designs in W4409153023 report lower loss and are not counted."
thermo_optic,port_count,"32 x 32 on one chip; 1,856 x 1,856 in a system with tunable filters",,,,reported,W834513743;W4378650891;W3119039973,,"We demonstrate a 32 × 32 path-independent-insertion-loss optical path switch that integrates 1024 thermooptic Mach-Zehnder switches and 961 intersections on a small, 11 × 25 mm2 die. || In this paper, a large‐scale 32 × 32 S&S optical switch on a multi‐layer Si3N4‐on‐SOI platform is reported. || A dual-carrier 256-Gb/s DP-QPSK experiment successfully demonstrates a 1,856 × 1,856 optical switch system with switching time under 3.52 μs.",high,"W834513743 and W4378650891 each built a single-chip fabric of this size. The system figure in W3119039973 comes from a switch system whose wavelength selection uses thermo-optic tunable filters, not from a single switch chip."
thermo_optic,polarization_dependent_loss,around 2,dB,,,reported,W4308917780,,"The polarization-dependent losses are around 2 dB within a 100-nm wavelength range, showing the low polarization diversity of the MZS.",medium,A single polarization-insensitive switch element. W4394930219 claims low polarization dependence without a figure.
thermo_optic,crosstalk,-20 to -50,dB,-50,-20,reported,W834513743;W1985329895,,"The total crosstalk of the switch is estimated to be less than -20 dB at the center wavelength of 1545 nm. || Lowest crosstalk levels of -50 dB and -30 dB are obtained for 'bar' and 'cross' switching states, respectively.",high,"The best case is a single switch element in the bar state (W1985329895), the other end a large fabric (W834513743). W4378650891 reports a fabric crosstalk level inside this range."
thermo_optic,wavelength_range,C band (1530 to 1565 nm) and L band; 775 nm on silicon nitride,nm,,,reported,W4308917780;W4391878049;W4402705205,,"Across the C-band (1530$\sim$1565 nm), the fabricated MZS has insertion losses of 0.2$\sim$4.3 dB and ERs > 16 dB (14 dB) at the cross (bar) port for both the TE and TM polarizations. || In this paper, we demonstrate a largest ever port- and channel-count, 16 × 16 ports and 16 wavelength channels over the C+L-band, monolithically integrated WXC switch with 256 FSR-free grating-assisted C-DCs and 1,024 thermo-optic MZIs. || The cladding-free design operating at 775 nm enables optical propagation in a partially metal-covered waveguide with minimal loss—an uncommon phenomenon given the typical absorption associated with metal proximity.",medium,"Not one device. C band from a polarization-insensitive switch (W4308917780), C and L band from a wavelength cross-connect (W4391878049), and a silicon nitride switch built for a visible wavelength (W4402705205)."
thermo_optic,integration,integrated_photonic,,,,reported,W834513743,,"We demonstrate a 32 × 32 path-independent-insertion-loss optical path switch that integrates 1024 thermooptic Mach-Zehnder switches and 961 intersections on a small, 11 × 25 mm2 die.",high,Thermo-optic Mach-Zehnder switches and waveguide intersections on one die. In the tags table 31 of the 33 route papers in data/work/route_thermo_optic.json carry integration integrated_photonic.
thermo_optic,packaging_notes,Chip flip-chip bonded to a ceramic interposer with a land grid array for electrical packaging; die wire-bonded to a ceramic package with a permanently attached 68-fiber ribbon coupled to on-chip edge couplers; feedback control keeps the fabric stable without a cooling system for the chip,,,,reported,W834513743;W2758695468;W2327284773,,"For reliable electrical packaging, the switch chip is flip-chip bonded to a ceramic interposer that arranges the electrodes in a 0.5-mm pitch land grid array. || The die was wire-bonded to a custom ceramic package, to which a 68-fiber ribbon was permanently attached, which coupled the input and output optical signals to edge couplers on the chip through a waveguide pitch- and mode-concentrating silica chip. || feedback controlled stabilization of the individual switching elements, thus making the switch fabric robust against thermal crosstalk, even in the absence of a cooling system for the silicon chip",medium,"Items from three papers, each stated once."
thermo_optic,trl_band,lab,,,,reported,W2758695468,,A packaged and fully operational 32 × 32 silicon photonic switch chip having 448 switch cells and 1856 crossings is demonstrated.,medium,A packaged lab subsystem. No projects.csv row carries this route and no route abstract reports a field trial or product. W4384820653 says optical switches have begun to enter data centers without naming a technology.
thermo_optic,academic_groups,Keijiro Suzuki (National Institute of Advanced Industrial Science and Technology) 7 papers; Shu Namiki (National Institute of Advanced Industrial Science and Technology) 6 papers; Kazuhiro Ikeda (National Institute of Advanced Industrial Science and Technology) 6 papers; Hitoshi Kawashima (National Institute of Advanced Industrial Science and Technology) 5 papers; Ryotaro Konoike (National Institute of Advanced Industrial Science and Technology) 4 papers,,,,derived,W1985329895;W2017873014;W2088068353;W2324604385;W3119039973;W4297053117;W4298339091;W4391878049;W834513743,,,high,"Derived by pipeline/matrix_build.py. Authors from graphs/top_pis.csv ranked by how many papers of data/work/route_thermo_optic.json (33 in all, primary and secondary route matches) they coauthor, ties broken by core_paper_count in graphs/top_pis.csv, institution as listed there. 2 more authors tie with the last one listed."
thermo_optic,companies,,,,,no_source,,,,,"No row in data/projects.csv has tech_route thermo_optic. Rows with tech_route unclear (iPronics, Oriole Networks, Lightmatter) are not counted in any route."
thermo_optic,ai_cluster_fit,yes,,,,reported,W4391878049;W4384820653,,"Optical switches significantly improve energy efficiency in datacenter networks, and silicon photonics enables the optical switch to operate faster than microseconds and be highly integrable for co-integration with GPUs. || The optical switch can simplify the present multi-tier switching network above tier-1 switches into a single tier configuration, which is possible with the development of efficient large port count optical switches.",high,"W4391878049 names AI applications and GPUs, and W4384820653 names artificial intelligence and machine learning workloads and a single-tier optical layer in place of the multi-tier network."
thermo_optic,cost_per_port,,,,,not_reported_in_abstract,,,,,No route abstract gives a cost figure. W4384820653 and W4394930219 mention cost only in words. A human should check the full text of W2896156020.
thermo_optic,scaling_limit,Waveguide crossings multiply with port count and raise path-dependent loss; control units and drive wiring grow quickly with port count,,,,reported,W4378650891;W4394930219,,"However, it suffers from high path‐dependent losses as the waveguide crossings increase dramatically with the number of ports. || Furthermore, when they are cascaded to a network, the number of control units grows quickly with the port count, causing high complexity in electronic wiring and drive circuit integration.",high,Two papers state loss accumulation and control complexity as the limits.
electro_optic,switching_time,3 to about 4,ns,3,4,reported,W1997754090;W2094700182;W1558865741,,"A switching time of 3 ns is demonstrated. || Full 2 x 2 switching functionality is demonstrated, with low power consumption (approximately 3 mW) and a fast switching time (< 4 ns). || We further achieve a transition time of ~4 ns with an average phase shifter consumption of 1 mW and a heater efficiency of ~25 mW/π.",high,The low end is a Mach-Zehnder and SOA hybrid switch (W1997754090). The others are silicon Mach-Zehnder switches driven by carrier injection or push-pull drive.
electro_optic,insertion_loss,about 1 to 18.5,dB,1,18.5,reported,W1558865741;W2587610600,,"We demonstrate a push-pull drive switch with insertion loss of ~1 dB and an optical crosstalk smaller than -23 dB over a 45-nm optical bandwidth in the O-band. || The losses were 14.4 to 18.5 dB, and the crosstalk ranged from -15.1 to -19.0 dB when all units were in the 'Bar' status.",medium,"The low end is a single switch element (W1558865741), the high end the largest fabric in the Bar state (W2587610600)."
electro_optic,port_count,32 x 32,,,,reported,W2587610600,,"With these methods, a 32 × 32 MZI-based silicon electro-optical switch was successfully fabricated with 180-nm complementary metal-oxide-semiconductor (CMOS) process technology, which is the largest scale silicon electro-optical switch to the best of our knowledge.",medium,"The paper calls it the largest silicon electro-optic switch to its knowledge. W2062631387 argues by analysis that a larger microring fabric is feasible, which is not a build."
electro_optic,polarization_dependent_loss,,,,,not_reported_in_abstract,,,,,"No route abstract gives PDL. A human should check the full text of W2896156020, a survey that compares switch metrics."
electro_optic,crosstalk,-9 to -50,dB,-50,-9,reported,W2015534895;W2587610600;W2007654061,,"We successfully demonstrate operation in all 9 unique switch states and 12 possible I/O routing configurations, with worst-case cross-talk levels lower than -9 dB, and common spectral bandwidth of 7 nm. || At a wavelength of 1520 nm, the on-chip insertion losses were 12.9 to 16.5 dB, and the crosstalk ranged from -17.9 to -24.8 dB when all units were set to the 'Cross' status. || Extremely low crosstalk of better than -50 dB can be achieved using a 2 × 2 dilated hybrid switch module.",medium,The worst case is a small silicon switch (W2015534895). Silicon electro-optic fabrics reach -24.8 dB (W2587610600). The -50 dB end is a design claim for a Mach-Zehnder and SOA hybrid module (W2007654061).
electro_optic,wavelength_range,O band; 1520 nm and 1550 nm; optical bandwidth 7 to 110 nm,nm,,,reported,W1558865741;W2587610600;W2335273496;W2015534895;W2094700182,,"We demonstrate a push-pull drive switch with insertion loss of ~1 dB and an optical crosstalk smaller than -23 dB over a 45-nm optical bandwidth in the O-band. || At a wavelength of 1520 nm, the on-chip insertion losses were 12.9 to 16.5 dB, and the crosstalk ranged from -17.9 to -24.8 dB when all units were set to the 'Cross' status. || The average on-chip insertion loss is 5.8-7.7 dB and crosstalk better than -12 dB at wavelength of 1550 nm. || We successfully demonstrate operation in all 9 unique switch states and 12 possible I/O routing configurations, with worst-case cross-talk levels lower than -9 dB, and common spectral bandwidth of 7 nm. || Crosstalk levels lower than -17 dB are obtained for both the 'on' and 'off' switching states over an optical bandwidth of 110 nm, owing to the implementation of broadband 50% couplers.",medium,"Devices are specified at single wavelengths or over a stated bandwidth, so there is no common range."
electro_optic,integration,integrated_photonic,,,,reported,W1979338531,,Monolithically integrated 8×8 semiconductor optical matrix switches have been successfully fabricated for the first time.,high,Monolithic waveguide switch matrices. In the tags table 21 of the 22 route papers in data/work/route_electro_optic.json carry integration integrated_photonic.
electro_optic,packaging_notes,Switch fabrics integrated on one chip with CMOS logic and device drivers; optical bandwidth held over temperature variations up to 30 K,,,,reported,W2070900489;W2094700182,,"These fabrics are integrated onto a single chip with digital CMOS logic, device drivers, thermo-optic phase tuners, and electro-optic phase modulators using IBM's 90 nm silicon integrated nanophotonics technology. || The wide optical bandwidth is maintained for temperature variations up to 30 K.",medium,"Items from two papers, each stated once."
electro_optic,trl_band,lab,,,,reported,W2015534895,,We present a 4x4 spatially non-blocking Mach-Zehnder based silicon optical switch fabricated using processes fully compatible with standard CMOS.,medium,No projects.csv row carries this route and no route abstract reports a field trial or product.
electro_optic,academic_groups,Benjamin G. Lee (IBM (United States)) 4 papers; William M. J. Green (IBM (United States)) 4 papers; Qixiang Cheng (University of Cambridge) 3 papers; A. Wonfor (University of Cambridge) 3 papers; Clint L. Schow (IBM (United States)) 3 papers,,,,derived,W1558865741;W1997754090;W2007654061;W2015534895;W2062054310;W2070900489;W2094700182;W2896156020,,,high,"Derived by pipeline/matrix_build.py. Authors from graphs/top_pis.csv ranked by how many papers of data/work/route_electro_optic.json (22 in all, primary and secondary route matches) they coauthor, ties broken by core_paper_count in graphs/top_pis.csv, institution as listed there. 4 more authors tie with the last one listed."
electro_optic,companies,,,,,no_source,,,,,"No row in data/projects.csv has tech_route electro_optic. Rows with tech_route unclear (iPronics, Oriole Networks, Lightmatter) are not counted in any route."
electro_optic,ai_cluster_fit,partial,,,,reported,W2062631387;W2070900489,,In this paper we analyze the feasibility of building silicon photonic microring based switch fabrics for data center scale optical interconnection networks. || This chip-scale switching system technology may provide a compelling solution to replace some routing functionality currently implemented as bandwidth- and power-limited electronic switch chips in high-performance computing systems.,medium,"Primary papers name data center interconnection and high-performance computing but not accelerator clusters, reconfigurable topologies or a spine layer. W4384820653 and W4297053117, whose primary route is thermo_optic, propose optical switches to flatten multi-tier data center networks and mention the electro-optic effect only as an option. W4384820653 names artificial intelligence and machine learning workloads."
electro_optic,cost_per_port,,,,,not_reported_in_abstract,,,,,No route abstract gives a cost figure. A human should check the full text of W2896156020.
electro_optic,scaling_limit,Crosstalk limits fabric scalability; non-uniform effects from fabrication errors must be corrected across all switch units,,,,reported,W2062631387;W2587610600,,We show that optimization of physical layer parameters can reduce crosstalk and increase switch fabric scalability. || a limited number of power monitors inserted at certain positions to detect and determine the optimum operating points of all switch units to eliminate non-uniform effects arising from fabrication errors,medium,"Two papers, each naming a different limit."
soa,switching_time,115 to under 900,ps,115,900,reported,W2064033006;W3093967660,,"Switching times up to 115 ps with small overshoot were achieved by using the multi-impulse step injected current technique. || Further, we use a photonic integrated circuit comprising an Indium phosphide based SOA array and an arrayed waveguide grating to show sub-ns switching (<900 ps)",medium,"The low end is a single chip-on-carrier SOA switch with a multi-impulse drive current (W2064033006), the high end an InP SOA array with a waveguide grating (W3093967660). PULSE (W3006394648) states a faster reconfiguration time that comes from its transceivers, and its abstract does not name an SOA, so it is not used."
soa,insertion_loss,lossless; ON-state gain above 14.3,dB,,,reported,W2912886516;W2028213396,,The lossless photonic WDM switches are based on InP technology and employ semiconductor optical amplifiers as on -chip gain element and fast switch. || The device exhibited a large ON-state gain of >14.3 dB and a small total gain deviation of 3.0 dB.,low,"SOA gates amplify, so abstracts report gain rather than loss. The figure is the gain of a monolithic gate switch (W2028213396)."
soa,port_count,4 x 4 fabricated; 128 x 128 emulated in a recirculating loop,,,,reported,W1989769976;W2062054310,,"A monolithic InGaAsP/InP 4 × 4 cross-connect is designed, fabricated and demonstrated. || even after seven passes through the switch, equivalent to a 128×128 router",medium,"The larger figure comes from passing signals seven times through a Mach-Zehnder and SOA hybrid module, not from a built fabric of that size."
soa,polarization_dependent_loss,,,,,not_reported_in_abstract,,,,,"W2028213396 says its SOA gates are polarization insensitive by design, without a dB figure. A human should check the full text of W2028213396."
soa,crosstalk,,,,,not_reported_in_abstract,,,,,"Abstracts report ON-OFF extinction ratio or optical contrast (W2028213396, W2064033006), which is not crosstalk. A human should check the full text of W2028213396."
soa,wavelength_range,,,,,not_reported_in_abstract,,,,,W2056973550 studies broadband WDM operation without giving a range. A human should check the full text of W2056973550.
soa,integration,integrated_photonic,,,,reported,W1989769976,,"A monolithic InGaAsP/InP 4 × 4 cross-connect is designed, fabricated and demonstrated.",medium,A monolithic InP cross-connect chip. In the tags table 10 of the 14 route papers in data/work/route_soa.json carry integration integrated_photonic.
soa,packaging_notes,Quantum-dot SOA switch elements can be operated uncooled; chip-on-carrier SOA; SOAs integrated into silicon switch fabrics by flip-chip or wafer bonding,,,,reported,W2056973550;W2064033006;W1983164798,,"A low distortion space switch technology based on recently demonstrated quantum-dot semiconductor optical amplifier technology, which can be operated uncooled, is used as the base switch element. || An ultrafast electro-optical amplified switch based on chip-on-carrier semiconductor optical amplifier with high optical contrast (33 dB) is presented. || We propose integrating semiconductor optical amplifiers into the switch fabric using either flip-chip or wafer-bonding technology, and investigate its potential merits alongside several challenges in implementation.",medium,"Items from three papers, each stated once. W1983164798 carries soa as its secondary route."
soa,trl_band,lab,,,,reported,W1989769976,,"A monolithic InGaAsP/InP 4 × 4 cross-connect is designed, fabricated and demonstrated.",medium,No projects.csv row carries this route and no route abstract reports a field trial or product.
soa,academic_groups,A. Wonfor (University of Cambridge) 4 papers; Ian H. White (University of Cambridge) 4 papers; Richard V. Penty (University of Cambridge) 4 papers; Xuwei Xue (Eindhoven University of Technology) 3 papers; Qixiang Cheng (University of Cambridge) 3 papers,,,,derived,W1997754090;W2007654061;W2056973550;W2062054310;W2912886516;W4220911475;W4285084333,,,high,"Derived by pipeline/matrix_build.py. Authors from graphs/top_pis.csv ranked by how many papers of data/work/route_soa.json (14 in all, primary and secondary route matches) they coauthor, ties broken by core_paper_count in graphs/top_pis.csv, institution as listed there."
soa,companies,,,,,no_source,,,,,"No row in data/projects.csv has tech_route soa. Rows with tech_route unclear (iPronics, Oriole Networks, Lightmatter) are not counted in any route."
soa,ai_cluster_fit,yes,,,,reported,W3093967660;W4220911475,,"Optical circuit switches (OCS) represent an appealing option to overcome this issue by eliminating the need for expensive and power-hungry transceivers and electrical switches in the core of the network. || Here, we propose and investigate a novel optical wireless data-center network (OW-DCN) architecture based on nanoseconds semiconductor optical amplifier (SOA)-based wavelength selectors and arrayed waveguide grating router (AWGR) controlled by fast field-programmable gate array (FPGA)-based switch schedulers.",medium,"W3093967660 proposes OCS in place of electrical switches in the network core and builds its OCS from SOAs, as a later sentence of its abstract says. W4220911475 builds a data center network on SOA wavelength selectors. No route abstract names accelerators or machine learning."
soa,cost_per_port,,,,,not_reported_in_abstract,,,,,No route abstract gives a cost figure. A human should check the full text of W2056973550.
soa,scaling_limit,Signal impairments limit the port count of conventional SOA switches; a power and physical layer study projects scaling to several tens of connections,,,,reported,W2007654061;W2056973550,,"The significantly reduced impairments resulting from this switch design enable scaling of the port count, compared to conventional SOA-based switches. || Power efficiency and physical layer complexity are addressed for high end-to-end bandwidth, nanosecond-reconfigurable switch fabrics, to highlight the potential for scaling to several tens of connections.",medium,W2007654061 compares its hybrid design with conventional SOA-based switches. W2056973550 is a simulation study.
robotic_patch_panel,switching_time,,,,,not_reported_in_abstract,,,,,No route abstract gives a reconfiguration time. A human should check the full text of W2073240697.
robotic_patch_panel,insertion_loss,,,,,not_reported_in_abstract,,,,,W2073240697 says low loss and high return loss without a figure. A human should check its full text.
robotic_patch_panel,port_count,,,,,not_reported_in_abstract,,,,,No route abstract or projects.csv quote gives a port count. A human should check the full text of W2073240697.
robotic_patch_panel,polarization_dependent_loss,,,,,not_reported_in_abstract,,,,,No route abstract mentions PDL. A human should check the full text of W2073240697.
robotic_patch_panel,crosstalk,,,,,not_reported_in_abstract,,,,,No route abstract mentions crosstalk. A human should check the full text of W2073240697.
robotic_patch_panel,wavelength_range,,,,,not_reported_in_abstract,,,,,No route abstract gives a wavelength. A human should check the full text of W2073240697.
robotic_patch_panel,integration,mechanical_fiber,,,,reported,W2073240697,,"We have developed a fiber-handling robot and optical connection mechanisms for automatic cross-connection of multiple optical connectors, which are the key elements of automatic optical fiber cross-connect equipment.",medium,A robot handles and connects fiber connectors. In the tags table 1 of the 1 route papers in data/work/route_robotic_patch_panel.json carry integration mechanical_fiber.
robotic_patch_panel,packaging_notes,Connection mechanisms that let the robot handle and connect angled physical contact (APC) connector plugs,,,,reported,W2073240697,,We also devise new optical connection mechanisms that enable the automated optical fiber cross-connect module to handle and connect angled physical contact (APC) optical connector plugs.,medium,"The paper also evaluates environmental specifications, without figures."
robotic_patch_panel,trl_band,production,,,,reported,,6,announces today the launch of its new G5 Robotic Patch Panel system,low,Vendor claim. A product launch announcement in projects.csv row 6. The only route paper (W2073240697) is an equipment evaluation that calls it suitable for practical use.
robotic_patch_panel,academic_groups,Mitsuhiro Makihara (NTT (Japan)) 1 paper; Masato MIZUKAMI (NTT (Japan)) 1 paper,,,,derived,W2073240697,,,high,"Derived by pipeline/matrix_build.py. Authors from graphs/top_pis.csv ranked by how many papers of data/work/route_robotic_patch_panel.json (1 in all, primary and secondary route matches) they coauthor, ties broken by core_paper_count in graphs/top_pis.csv, institution as listed there."
robotic_patch_panel,companies,Telescent,,,,reported,,6,announces today the launch of its new G5 Robotic Patch Panel system,medium,"Vendor claims. Entities are the data/projects.csv rows whose tech_route is robotic_patch_panel, a route the scout assigned (see each row's note there)."
robotic_patch_panel,ai_cluster_fit,no,,,,reported,W2073240697,,indicating that the automated optical fiber cross-connect equipment is suitable for practical use in intelligent buildings and optical access networks,medium,"The paper names intelligent buildings and optical access networks. The quote in projects.csv row 6 names no use. No route abstract names data centers, accelerators or machine learning."
robotic_patch_panel,cost_per_port,,,,,not_reported_in_abstract,,,,,"W2073240697 says manual cross-connection is expensive, without a figure for the robot. A human should check its full text."
robotic_patch_panel,scaling_limit,,,,,not_reported_in_abstract,,,,,No route abstract states a limit. A human should check the full text of W2073240697.
