entity,entity_type,product_or_project,tech_route,stage,first_public_date,evidence_url,evidence_date,evidence_quote,note
Google,hyperscaler_internal,Apollo OCS (Palomar MEMS switch),mems_3d,shipping,unknown,https://cloud.google.com/blog/topics/systems/the-evolution-of-googles-jupiter-data-center-network,2022-08-23,"Over multiple years, we designed and built Apollo OCS that now forms the basis for the vast majority of our data center networks.",Google Cloud Blog. tech_route mems_3d per ocs-domain skill (Palomar MEMS switch); blog text itself does not repeat MEMS.
Lumentum,established_vendor,R300 Optical Circuit Switch (300x300 OCS),mems_3d,unknown,unknown,https://www.lumentum.com/en/products/300x300-optical-circuit-switch-ocs,2026-09-26,Built on field‑proven Lumentum micro‑electro‑mechanical systems (MEMS) technology with over a trillion mirror operating hours,"Product page has no dateline, used fetch date (fetched). Page does not state shipping/availability status."
Coherent,established_vendor,"Optical Circuit Switch (DLX-based, up to 512x512)",lcos,unknown,2024-03-25,https://www.coherent.com/news/press-releases/optical-circuit-switch-for-data-centers-live-demo-at-ofc-2024-based-on-ultrareliable-dlx-technology,2024-03-25,a new optical circuit switch (OCS) based on the company’s field-proven and ultrareliable digital liquid-crystal technology,Press release announces introduction with live demo at OFC 2024; availability/shipping status not stated in fetched text.
Calient,established_vendor,S320 Optical Circuit Switch,mems_3d,shipping,unknown,https://www.calient.net/,2026-09-26,"With over 1 million port switches shipped, we’re automating & accelerating change across industries.","Product page undated, used fetch date (fetched). tech_route mems_3d per ocs-domain skill seed list."
Polatis,established_vendor,POLATIS 6000/7000 Series Optical Circuit Switch,piezo,shipping,unknown,https://www.hubersuhner.com/en/optical-circuit-switching,2026-09-26,makes connections using compact piezo-electric actuators to align collimated beams of light from opposing arrays of input and output fibers,"Now part of Huber+Suhner. Product page undated, used fetch date (fetched). Shop links for the 6000/7000 series indicate current availability."
Telescent,startup,G5 Robotic Patch Panel,robotic_patch_panel,shipping,2024-03-21,https://www.telescent.com/latest-news/2024/3/21/telescent-introduces-new-g5-robotic-patch-panel-system,2024-03-21,announces today the launch of its new G5 Robotic Patch Panel system,"Press release, dated dateline Irvine California March 21 2024."
iPronics,startup,ONE-32 Optical Networking Engine (silicon photonics OCS),unclear,shipping,2025-03-31,https://ipronics.com/ipronics-unveils-worlds-first-silicon-photonics-optical-circuit-switch-for-ai-driven-data-centers-optical-network-transformation/,2025-03-31,"Available from May 2025, ONE-32 advances iPronics’ vision of optical innovation to enable a future proof AI Data Center network.","tech_route unclear: page says silicon photonics OCS but does not state whether actuation is MEMS, thermo-optic, or electro-optic."
nEye,startup,OCS-on-a-chip,mems_silicon_photonic,prototype,unknown,https://neye.ai,2026-04-14,nEye's unique OCS-on-a-chip moves from the lab to the fab.,"Seed list/press call this company nEye Systems; current site branding is just nEye / nEye.ai, used entity name that appears on page. tech_route mems_silicon_photonic per ocs-domain skill seed list."
Oriole Networks,startup,PRISM photonic networking platform,unclear,unknown,unknown,https://oriolenetworks.com/,2026-09-26,"Introducing PRISM, the Oriole solution that replaces energy hungry electrical switching with photonic switching.","Homepage undated, used fetch date (fetched). tech_route unclear: PRISM combines wavelength and space switching (WDM/SDM/TDM), not a single taxonomy value."
Drut Technologies,startup,Photonic-native infrastructure built on POLATIS OCS,piezo,unknown,unknown,https://www.polatis.com/press-releases/POLATIS_optical_circuit_switch_powers_SCinet_Network_at_SC25_and_showcased_in_Drut_Photonic_Infrastructure_for_AI.asp,2026-09-26,another POLATIS OCS features as a key component of the dynamic photonic fabric in Drut Technologies’ next-generation,"Evidence is a Polatis (partner) press release about a trade-show booth, not Drut's own site; no dateline found so fetch date used (fetched). tech_route piezo inferred from the POLATIS switch it integrates."
UTStarcom,established_vendor,MOS64 (MEMS) and UOS64 (silicon photonics) OCS concept prototypes,mems_3d,prototype,2026-09-21,https://www.financialcontent.com/article/gnwcq-2026-9-21-utstarcom-unveils-optical-circuit-switching-ocs-solution-for-ai-data-centers-at-cioe-2026,2026-09-21,unveiled concept prototypes of its next-generation Optical Circuit Switching (OCS) platform designed specifically for AI data center (AI DC) networking infrastructure,"GlobeNewswire release mirrored on financialcontent.com (globenewswire.com itself timed out on fetch). Two prototype platforms: MOS64 is MEMS micro-mirror based, UOS64 is silicon-photonics based; tech_route set to MOS64's mems_3d."
Lightmatter,startup,Passage M1000 photonic interposer (built-in solid-state OCS),unclear,unknown,unknown,https://futurumgroup.com/insights/lightmatter-solving-how-to-interconnect-millions-of-chips/,2026-09-26,"The M1000 employs solid-state optical circuit switching, while the L200 incorporates Alphawave Semi’s chiplet technology","Lightmatter's own site (lightmatter.co) is a JS-rendered app that a plain HTTP GET cannot read, and datacenterdynamics.com is Cloudflare-gated, so used this secondary analyst article instead (logged in pitfalls.md). tech_route unclear: mechanism behind the solid-state switching is not stated."
