community_id,member_authors,member_author_ids,dominant_tech_route,size
0,A. Wonfor;Abhinav Rohit;Akio Tajima;Andrea Fiore;Andy Eu-Jin Lim;Anthony Kewitsch;Ari Novack;Benjamin Klenk;C. H. Liang;Cathy Yi-Hsuan Chen;Chen Avin;Chenghu Zhou;Dai Zhang;David G. Andersen;David M. Calhoun;Dessislava Nikolova;Dheevatsa Mudigere;Dominik Heiss;Eiman Ebrahimi;Eng Tin Aw;Erwin A. J. M. Bente;Feng Wang;Francesco M. Pagliano;Guohui Wang;Guohui Wang;Guo‐Qiang Lo;Haibo Wang;Hao Ran Yang;Heng Zhang;Hitoshi Takeshita;Howard Wang;Ian H. White;J. L. Wei;J.J.G.M. van der Tol;Jeroen Bolk;Jiaqiang Nie;Jing Cheng;Jinlong Wei;Junjie Xu;K Katarzyna Lawniczuk;K.A. Williams;Keren Bergman;Kevin A. Williams;Kevin Williams;Kiyoshi Asakawa;Kiyoshi Fukuchi;Klaus-Tycho Foerster;Konstantina Papagiannaki;Kunwadee Sripanidkulchai;Leilei Wang;Li Du;Lily Mummert;M. K. Smit;Madeleine Strom Glick;Manhang Zheng;Manya Ghobadi;Masahiro Sakauchi;Mehrdad Khani;Meisam Bahadori;Mi Li;Michael A. Kozuch;Michael Hochberg;Michael J Kaminsky;Michael J. Hochberg;Michael P. Ryan;Min Yee Teh;Mingbin Yu;Mingwei Xu;Moein Khazraee;Mohammad Reza Alizadeh;Mowei Wang;Nathan Abrams;Payman Samadi;Peirui Cao;Prometheus DasMahapatra;Qi Li;Qi Sun;Qixiang Cheng;Ran Ding;René P. J. van Veldhoven;Richard V. Penty;Robert J. Hendry;Rulei Xiao;Sambit Sahu;Shigeki Takahashi;Shigeru Nakamura;Shigeyuki Yanagimachi;Shizhen Zhao;Shuyu Yang;Stefan Schmid;Sushovan Das;Sébastien Rumley;T. S. Eugene Ng;Tao Fang;Tianran Liu;Tom W. Baehr-Jones;Tomoaki Kato;Tomoyuki Hino;Vadim Pogoretskiy;Vamsi Addanki;Weitao Wang;Weiyang Wang;Xaveer J. M. Leijtens;Xiang Zheng Meng;Xiangfei Chen;Xiangli Song;Xinbing Wang;Yang Liu;Yang Liu;Yangjin Ma;Yashe Liu;Yi Zhang;Ying Zhang;Yishen Huang;Yong Cui;Yoshimasa Sugimoto;Yuan Du;Yunshan Zhang;Yunzhuo Liu;Yuqing Jiao;Yu‐Han Hung;Zhenguo Wu;Zhenhua Liu;Zhenxing Sun;Zhihao Jia;Zhiqian Yin;Zhizhen Zhong;Zhuotao Liu;Zijiang Yang;Ziyi Zhu,A5077699824;A5055995170;A5112256021;A5088498707;A5110071150;A5042078774;A5000173693;A5049729482;A5109164097;A5074932750;A5010846539;A5023919188;A5100746672;A5085479490;A5043326474;A5007221134;A5066366329;A5109893878;A5089789557;A5108465965;A5077594820;A5103252278;A5029361236;A5100642261;A5100642263;A5109803012;A5100328812;A5049952220;A5078909424;A5028913443;A5078556323;A5026880270;A5062883943;A5010264136;A5102746911;A5004552829;A5101121665;A5059557008;A5101942922;A5055014711;A5110202663;A5081695392;A5105940581;A5038655453;A5110044872;A5085298132;A5085843145;A5052622410;A5053455655;A5100400347;A5039665206;A5086257975;A5108463786;A5049804700;A5035648264;A5058729992;A5058421583;A5069211093;A5101521858;A5033189903;A5068719520;A5023284458;A5052885090;A5016311968;A5112402854;A5022829828;A5103045172;A5100771111;A5039438925;A5039802992;A5001919662;A5069836185;A5079187639;A5070612714;A5109394432;A5100350182;A5100427513;A5054716038;A5065072880;A5028497995;A5008627694;A5012606067;A5017649580;A5103360175;A5111623714;A5101825057;A5109323274;A5075325244;A5109160746;A5066080641;A5016165379;A5012292876;A5075120727;A5048576749;A5101710041;A5109877734;A5039736814;A5110587167;A5112506855;A5015398112;A5100435187;A5042429449;A5003072117;A5077888219;A5012276146;A5104217166;A5034483183;A5102815018;A5070954773;A5024012582;A5027728061;A5100388091;A5100386104;A5103059444;A5091090025;A5012575878;A5084816122;A5001715302;A5068203622;A5086807471;A5014269086;A5027614399;A5102897151;A5083097071;A5039360973;A5064105950;A5024093604;A5045206037;A5006956220;A5004044700,architecture_only,130
1,A. Q. Liu;Aaron J. Zilkie;Aaron James Danner;Ami Yaacobi;Atiq Raza;Avantika Sohdi;Avi Feshali;Catherine Jan;Chao Qian;Chaoran Huang;Christopher S. Seibert;Christopher T. Phare;Chunlei Sun;Daniel Tardent;Daniel X. Zhu;Dan‐Xia Xu;Dave J. Thomson;David J. Thomson;David N. Hutchison;Delphine Marris‐Morini;Ehsan Shah Hosseini;Erman Timurdogan;F. Bœuf;Frédéric Y. Gardes;Goran Z. Mashanovich;Graham T. Reed;Gregory A. Fish;Guanyu Chen;H. Y. Fu;Haijiang Yu;Hailong Zhou;Haisheng Rong;Harel Frish;Hari Mahalingam;Hasitha Jayatilleka;Hongsheng Chen;Hong‐Lin Lin;J. E. Roth;J. K. Doylend;J. M. Heck;Jean-Marc Fédéli;Jean‐Michel Hartmann;Jeffrey B. Driscoll;Jens H. Schmid;Jian Chen;Jian Wang;Jianji Dong;Jie Sun;Jing Li;Jinsong Xia;Jitender Miglani;John Edward Bowers;John M. Heck;Jun Da Ng;Junwei Cheng;Ke Li;Kimchau N. Nguyen;Laurent Vivien;Lennon Y. T. Lee;Li-Rong Lilly Cheng;Ling Liao;Luis Chen;Luke S. Theogarajan;Léopold Virot;M.N. Sysak;Meer Sakib;Michael R. Watts;Milan M. Milošević;Miloš Nedeljković;Min Guk Gu;Mohammad Montazeri;Nanxi Li;Pierre Doussiere;Qiming Zhang;Randal S. Appleton;Ranjeet Kumar;Ranju Venables;Reece A. Defrees;Richard E. Jones;Roger Helkey;S. Stanković;Saeed Fathololoumi;Scott A. Reynolds;Sean McCargar;Simei Mao;Summer R. Hollingsworth;Thalía Domínguez Bucio;Tin Komljenović;Volkan Kaman;Wenchan Dong;Wenhao Wu;Wenhua Lin;Woosung Kim;Xia Chen;Xinliang Zhang;Yanyan Zhou;Yaqi Han;Yichen Shen;Yong Zhang;Yu Yu;Yuan Hsing Fu;Yulia Akulova;Yuliya A. Akulova;Yun‐Ze Long;Zhi Li;Zhichao Ruan;Éric Cassan,A5010675602;A5039436952;A5063706363;A5068954140;A5063346143;A5006389668;A5077868954;A5041328052;A5100639582;A5055274072;A5111852191;A5087773672;A5070739964;A5056460879;A5052566373;A5041512382;A5110096042;A5020931770;A5084629261;A5000000199;A5101483460;A5011051631;A5091096177;A5037482385;A5006810279;A5059643393;A5109928167;A5100783373;A5052126448;A5111846193;A5053165934;A5000737568;A5065980326;A5038668047;A5080351763;A5100705712;A5103127673;A5110009684;A5013967366;A5110203971;A5059553184;A5101486606;A5110338436;A5077255475;A5100326405;A5100370396;A5072211609;A5101672958;A5100336748;A5001828128;A5067135868;A5102770958;A5110021320;A5072473484;A5028868684;A5100620561;A5110088302;A5043600763;A5052528359;A5000070020;A5110189692;A5089577310;A5038645932;A5021669986;A5111951193;A5109118785;A5112361057;A5101400760;A5037151094;A5016600046;A5043269099;A5055062255;A5047769346;A5100639009;A5015166552;A5005946660;A5113039613;A5034694860;A5101982670;A5037149133;A5072111785;A5034911314;A5107233567;A5085003562;A5048985458;A5006090805;A5063996196;A5016261899;A5040511302;A5066380975;A5101763704;A5058661530;A5101679889;A5100423096;A5100458144;A5084856587;A5103270006;A5102829836;A5105259362;A5100402073;A5047931885;A5079465884;A5061276907;A5058408986;A5106698228;A5073084798;A5025923506,unclear,107
2,A.D. Parker;Adaranijo Peters;Albert Pagès;Alejandro Aguado;Alessandro Ottino;Alessandro Predieri;Andrea Reale;Arsalan Saljoghei;Bijan Rahimzadeh Rofoee;Bin Chen;Bingli Guo;Bitao Pan;Bo Zhang;Bryan H. King;Callum Deakin;Chongjin Xie;Chris Jackson;Chris Liou;Christopher J. Nitta;Christopher W. F. Parsonson;Craig Kochis;Daryl Smith;David John Richardson;Davide Careglio;Dimitra E. Simeonidou;Dimitris Alexandropoulos;Dimitris Syrivelis;Dimitris Theodoropoulos;Dionisios N. Pnevmatikatos;Domaniç Lavery;E. Hugues-Salas;Eduward Tangdiongga;Fernando Agraz;Fu Wang;Fulong Yan;George M. Saridis;George Zervas;Georgios Exarchakos;Georgios Zervas;Giacomo Bernini;Hans Christian Hansen Mulvad;Harm S. Dorren;Hui Jun Yuan;J. R. Hayes;Jinzhe Che;Jordi Perelló;Joshua Benjamin;José Carlos Sancho;Jun Luo;Ketemaw Addis Mekonnen;Kristif Prifti;Lei Liu;Marco N. Petrovich;Matteo Biancani;Md. Iftekhar Hussain;Michael Enrico;Montse Farreras;Murat Arslan;Máté Kovács;Netsanet M. Tessema;Nick Parsons;Nicola Calabretta;Nicola Ciulli;Periklis Petropoulos;Polina Bayvel;R. Stabile;Reza Nejabati;Roberto Proietti;Rui Ming Yin;Runxiang Yu;S. J. Ben Yoo;Sai Chen;Salvatore Spadaro;Saurabh Jain;Sergio Ricciardi;Shanguo Huang;Shaojuan Zhang;Shuai Peng;Shuangyi Yan;Shuping Peng;Stefano Lucente;Steluta Iordache;Tetsuya Hayashi;Tetsuya Nakanishi;Thomas Gerard;Timothy C. May-Smith;Vaibhawa Mishra;Venkatesh Akella;Victor J. F. Rancaño;Wang Miao;Wang Miao;Wei Ji;Xiaotao Guo;Xinwei Zhang;Xuwei Xue;Yan Yan;Yanwu Liu;Yawei Yin;Yi Shu;Yisong Zhao;Yolanda Becerra;Yu Wang;Yuanzhi Guo;Zichong Pang;Zuoqing Zhao,A5070596333;A5110566458;A5024470211;A5112495782;A5057769360;A5085528783;A5102934575;A5064523796;A5113666624;A5100427431;A5089191370;A5086802834;name:zhang b;A5084419495;A5041135425;A5081838912;A5091144056;A5005503334;A5061685231;A5008149746;A5065745960;A5074908580;A5073142416;A5040547486;A5030580652;A5041068817;A5046878919;A5081923107;A5045649319;A5058574391;A5022616930;A5011409180;A5010778677;A5100695211;A5070672314;A5047617277;A5002022033;A5091641200;A5044981310;A5014941264;A5037385637;A5110285583;A5091524342;A5087265662;A5070543094;A5001867002;A5020384355;A5008026936;A5102130240;A5091752750;A5024934670;A5100349579;A5013641137;A5033406353;A5019704063;A5028092138;A5081880288;A5032718527;A5035668373;A5009182379;A5078473339;A5080891126;A5076592314;A5073432472;A5060236860;name:stabile r;A5024590871;A5039402468;A5028592451;A5100860694;A5063555231;A5068274938;A5091401986;A5008089778;A5006837992;A5058181036;A5032429800;A5061781593;A5077858337;A5109067486;A5068297037;A5023114384;A5075523835;A5102319921;A5068278507;A5008761442;A5112316562;A5089377852;A5067580608;A5100607642;A5100607639;A5079207853;A5018087899;A5100639548;A5074335209;A5100395028;A5084282054;A5100870141;A5101591279;A5102512433;A5008248849;A5100445088;A5021949776;A5078809122;A5070811817,architecture_only,105
3,Abdul Rahim;Aditya Malik;Adolfy Hoisie;Alan F. Benner;Alex K. Jones;Alexander V. Rylyakov;Alfonso Ruocco;Ananth Z. Subramanian;Andreas De Groote;Artur Hermans;Ashim Dhakal;B. Smalbrugge;Bart Kuyken;Benjamin G. Lee;Benjamin Wohlfeil;Bogdan Prisacari;Carol Reinholm;Christian W. Baks;Christopher V. Jahnes;Clint L. Schow;Craig B. Stunkel;Cyriel Minkenberg;D. Li;D. M. Gill;Daan Martens;Daniel M. Kuchta;Darren Kerbyson;Despoina Petousi;Dong Chen;Dries Van Thourhout;E.J. Geluk;Edward W. Kiewra;Eugen Schenfeld;Eva Ryckeboer;F. Lelarge;Fengnian Xia;François Léo;Frédéric Peyskens;Fuad E. Doany;Geert Morthier;Germán Rodríguez;Guang–Hua Duan;Guy Lepage;Günther Roelkens;Haolan Zhao;J. A. Kash;Jason S. Orcutt;Jeroen De Coster;Joris Van Campenhout;Justin R. Bickford;KEVIN J. BARKER;Laurent Schares;Liesbet Van Landschoot;MK Meint Smit;Marianna Pantouvaki;Martin Fiers;Marwan H. Khater;Min Yang;Min Yang;Muhammad Muneeb;Nicolas Dupuis;Nicolas Le Thomas;Paul Walker;Petar K. Pepeljugoski;Peter Bienstman;Peter De Heyn;Philip Heidelberger;Philippe P. Absil;Pieter Dumon;Pieter Wuytens;Pol Van Dorpe;R.R. Hoare;Ram Rajamony;Rami Melhem;Renato Rímolo-Donadío;Roel Baets;Roel Baets;Russell A. Budd;S. Messaoudène;S. Shao;Shahram Keyvaninia;Shankar Kumar Selvaraja;Shibnath Pathak;Solomon Assefa;Steven M. Shank;Steven Verstuyft;Thijs Spuesens;Tjibbe De Vries;Tymon Barwicz;Utsav D. Dave;Weiqiang Xie;William M. J. Green;Yurii A. Vlasov;Zeger Hens,A5078721935;A5021043945;A5072223736;A5007071072;A5030875484;A5004850979;A5061438326;A5004735754;A5112149091;A5034058637;A5057843388;A5109957466;A5077274071;A5077652976;A5075518730;A5065894232;A5011543818;A5087561550;A5028994781;A5090286684;A5074065196;A5045487076;A5031859205;A5007134493;A5006216232;A5074652168;A5084855303;A5068843007;A5100319457;A5021271886;A5110107956;A5060784875;A5049045208;A5086933404;A5088934608;A5066404071;A5073461329;A5043693997;A5111731894;A5036163030;A5020148934;A5070384786;A5108663486;A5049388016;A5051041080;A5111451564;A5004461735;A5109138467;A5090479355;A5001630620;A5038062469;A5077866603;A5083078570;A5108366351;A5045249651;A5003907434;A5101476348;A5015337240;A5017923632;A5063803369;A5103202133;A5090800112;A5103208537;A5046488575;A5067665186;A5017223544;A5062754428;A5083358214;A5004218263;A5042204494;A5014128177;A5113801969;A5113994263;A5038997010;A5016276572;A5077297843;A5111582155;A5004887580;A5109981686;A5111007489;A5021417880;A5030408538;A5056126304;A5112374338;A5075275091;A5077150876;A5082773999;A5110359936;A5039358681;A5024229961;A5100617451;A5079125349;A5015288655;A5039441491,electro_optic,94
4,Adrien Toros;Alain Yuji Takabayashi;Alex C. Snoeren;Alex Forencich;Amin M. Vahdat;Amirmahdi Honardoost;Asif A. Godil;Bhavin J. Shastri;Byungwook Yoo;Carlos Errando-Herranz;Chang Kyu Kim;Chang‐Kyu Kim;Cleitus Antony;Connie J. Chang-Hasnain;David A. Horsley;Erik Anderson;Feng Lu;Geoffrey M. Voelker;George C. Papen;George Porter;Giuseppe Talli;Glenn M. Schuster;Hamed Sattari;Hamid Hajabdolali Bazzaz;Hannah R. Grant;Hans P. Zappe;He Liu;How Yuan Hwang;J. R. Jacobs;Jeremy Béguelin;Jianheng Luo;Jirun Luo;Johannes Henriksson;John Wyras;Joseph E. Ford;Jun Su Lee;Kee-Won Kwon;Knutson Dylan;Kristinn B. Gylfason;Kyoungsik Yu;Kyungmok Kwon;Lane Ochikubo;Lee Carroll;Lukas Chrostowski;Luke P. Lee;Malveeka Tewari;Ming C. Wu;Mischa M. Megens;Nathan Farrington;Niels Quack;Olav Solgaard;P. C. Sun;Padraic E. Morrissey;Pang Chen-Sun;Pang-Chen Sun;Peter A. O'Brien;Peter OrBrien;Peter Verheyen;Peter Verheyen;Pierre Edinger;R.S. Muller;Rajdeep Das;Richard A. Soref;Richard D. Strong;Rishi Kapoor;Rob McGuinness;Roger T. Howe;Sangyoon Han;Sivasankar Radhakrishnan;Sudip Shekhar;Tae Joon Seok;Tajana Rosing;Teodoro Graziosi;Tianbo Sun;Trevor K. Chan;Umar Khan;Vikram Subramanya;Vladimir Marko Stojanovic;Weijian Yang;Wencong Zhang;William Maxwell Mellette;Wim Bogaerts;Xiaosheng Zhang;Yeshaiahu Fainman;Yibo Guo;Yves-Alain Peter;Zhilei Huang,A5003485920;A5069019085;A5029890607;A5066879984;A5050245571;A5021471573;A5063043559;A5082737646;A5074072089;A5042487981;A5109041238;A5005483563;A5056502771;A5108220537;A5050152050;A5056192611;A5100678072;A5081366293;A5001604903;A5053471164;A5036182838;A5029688723;A5088714594;A5032186979;A5026849577;A5031293204;A5100317871;A5070335217;A5109956138;A5037230089;A5112187957;A5045648041;A5085125488;A5037059097;A5060211883;A5033046567;A5052707197;A5036272735;A5027030035;A5024119016;A5060956623;A5020112185;A5056057471;A5032354381;A5061975152;A5000475374;A5100669891;A5064549919;A5008411562;A5064591043;A5091113379;A5031437234;A5046713123;A5058499415;A5112500315;A5052966628;A5024325389;A5070926330;A5058413355;A5008851251;A5073987024;A5079570779;A5015687395;A5110669073;A5074851620;A5027387070;A5021259927;A5073485923;A5035830236;A5048584348;A5085789636;A5025573294;A5035910263;name:sun t;A5014246488;A5059463454;A5036777916;A5025438151;A5100748708;A5118983676;A5091174118;A5055647062;A5030808281;A5030452789;A5027571250;A5065458379;A5102425587,mems_silicon_photonic,87
5,Guangwei Cong;Haruhiko Kuwatsuka;Hirofumi Tadokoro;Hirokazu Nagai;Hiroki Nagai;Hiroshi Hasegawa;Hiroshi Ishikawa;Hiroshi Takahashi;Hiroyuki Matsuura;Hitoshi Kawashima;Junichi Hasegawa;Junya Kurumida;Kazuhiro Ikeda;Kazuyuki Matsumaro;Keiji Koshino;Keijiro Suzuki;Ken Tanizawa;Ken-ichi Sato;Kenji Kintaka;Kiyo Ishii;Masashi Yanagihara;Meishoku Masahara;Minoru Ohtsuka;Miyoshi Seki;Morifumi Ohno;Munehiro Toyama;Mungun-Erdene Ganbold;Nobuyuki Yokoyama;Ryosuke Matsumoto;Ryotaro Konoike;Sang-Hun Kim;Satoshi Suda;Shu Namiki;T. Chiba;T. Watanabe;Takashi Inoue;Takashi Matsukawa;Tomonobu Niwa;Toshifumi Hasama;Toshio Kimura;Toshio Sugaya;Yasushi Igarashi;Yojiro Mori;Yuya Shoji,A5023888839;A5007125650;A5039263736;A5018537494;A5102821926;A5101725869;A5061044862;A5101529867;A5076037279;A5044560248;A5018914378;A5007458659;A5044456154;A5022470646;A5112246768;A5048395151;A5008460825;A5075238724;A5029531257;A5060189844;A5072734076;A5007514853;A5046740184;A5100886673;A5071147171;A5051098488;A5034006615;A5112514281;A5072896246;A5048122574;A5100705929;A5084463335;A5065583266;A5035175491;A5009845987;A5066816626;A5100729078;A5109887569;A5108110596;A5101907289;A5051615746;A5077152186;A5101558754;A5039328718,thermo_optic,44
6,"Bingcheng Pan;Changming Wu;Chenlei Li;Dai, Daoxin;Dajian Liu;Daoxin Dai;Heshan Yu;Hongnan Xu;Huan Li;Ichiro Takeuchi;Jared F. Bauters;Jianwei Wang;Jiejiang Xing;Jihong Zhu;Jinzhong Yu;Linyan Lyu;Liu Liu;Liu, Liu;Long Zhang;Mo Li;Peiji Zhou;Qian Ma;Qian Ma;Shi, Yaocheng;Shihan Hong;Xi Xiao;Xiao Hu;Xiaohang Zhang;Yaocheng Shi;Yating Wan;Ye Lu;Ye Lu;Yi Sun;Yi Sun;Yi Sun;Yingying Peng;Yinpeng Hu;Yong Zhang;Yude Yu;Yuguang Zhang;Yunzhi Liu;Zhiyong Li",A5035658479;A5043663600;A5101460288;name:daoxin d;A5005740768;A5041370047;A5021490338;A5029267705;A5100319236;A5026493452;A5045557115;A5100606290;A5003911920;A5101528780;A5109886498;A5063748960;A5100324278;name:liu l;A5100363497;A5100361457;A5080215518;name:ma q;A5102968002;name:yaocheng s;A5055209656;A5015901156;name:hu x;A5101405860;A5048030147;A5080846853;A5101963471;A5111024060;A5100411573;A5081978877;A5101065689;A5101562974;A5109630310;A5100419894;A5064072198;A5101418277;A5010414057;A5100396736,mems_silicon_photonic,42
7,Amirhassan Shams‐Ansari;Andreas Boes;Andrew M. Netherton;Arnan Mitchell;Bitao Shen;Boris Desiatov;Bowen Bai;C. J. Xin;Carsten Langrock;Christian Reimer;Debin Meng;Di Zhu;Eric Puma;Haowen Shu;Jeffrey Holzgrafe;Jianfu Wang;Jiangdong Deng;Jun Qin;Keith B. Powell;Lin Chang;Linbo Shao;Liwei Li;M. M. Fejer;Marko Lončar;Mengjie Yu;Mian Zhang;Ming Lin Jin;Neil E. Sinclair;Qiang Lin;Rebecca Cheng;Ruixuan Chen;Shaohua Yu;Soumya Shankar Ghosh;Xiaoke Yi;Xingjun Wang;Xuguang Zhang;Yaowen Hu;Yuansheng Tao;Zihan Tao,A5067959335;A5054280799;A5112948836;A5008205233;A5039578484;A5051480246;A5041320175;A5086939002;A5072976480;A5050469023;A5066412446;A5052966323;A5023481222;A5100740517;A5009281944;A5103033688;A5083559413;A5018677467;A5033816285;A5084925573;A5024068612;A5100601085;A5069035222;A5027927683;A5052317865;A5100708729;A5086721500;A5019721161;A5108635429;A5102488819;A5102967572;A5100779019;A5042764314;A5041317522;A5100740514;A5100709508;A5031341222;A5109583479;A5034898633,none,39
8,Andy Swing;Arjun Singh;Arjun Singh;Bikash Koley;Brian Towles;Cedric Fung Lam;Chris Johnson;Cliff Young;Daniel N. Nelson;Darren Lenard Hutchinson;David A. Patterson;Erji Mao;George Thomas Kurian;Hong Liu;Hong Liu;Hong Liu;Hong Liu;Jill Berger;Joon Suan Ong;Kevin Y. Yasumura;Leon Poutievski;Lifeng Nai;Mukarram Tariq;Nishant P. Patil;Norman Paul Jouppi;Pedram Zare Dashti;Peter Ma;Rahul Nagarajan;Roy Bannon;Ryohei Urata;Sheng Li;Suvinay Subramanian;Valey F. Kamalov;Vijay Gill;Xiang Zhou;Xiang Zhou;Xiaoxue Zhao;Zongwei Zhou,A5074688105;A5091977482;A5115593346;A5026677916;A5010571977;A5051272349;A5054186381;A5035427716;A5012145721;A5090411416;A5077202069;A5038773896;A5085787384;A5100410350;A5063961928;A5101407905;A5100410366;A5103185978;A5112039747;A5087954830;A5112776179;A5016524466;A5059888938;A5037285672;A5050207942;A5045372544;A5051149049;A5009578714;A5043682858;A5065407337;A5100765709;A5103255393;A5052298344;A5025273212;A5101809652;A5102871836;A5103537762;A5084104975,architecture_only,38
9,A.R. Papazian;Alan A. Weiss;Arman Gasparyan;Bharat Kumar;C. P. Lichtenwalner;Carl J. Nuzman;Christoforos Kachris;Corey Pollock;Cristian Bolle;D. J. Bishop;Dan M. Marom;Daniel F. Lieuwen;David A. Ramsey;David T. Neilson;F. Pardo;Herbert R. Shea;Ho Bun Chan;Ioannis Tomkos;J. Kim;J. Kim;Joe S. Kraus;John V. Gates II;M.E. Simon;Martin Haueis;Matthias Imboden;Nagesh R. Basavanhally;Paul R. Kolodner;Po Dong;Robert E. Frahm;Roland R. Ryf;Susanne C. Arney;Victor A. Lifton;Vladimir Aksyuk;Young-Kai Chen;Yutaka Miyamoto,A5085191946;A5109143148;A5037593521;A5074100571;A5069692190;A5032842563;A5105515446;A5009056613;A5091861127;A5101786707;A5029009789;A5070716140;A5091359511;A5082727015;A5011527356;A5046878537;A5064235328;A5079573429;A5038101265;A5042942818;A5000025442;A5086983172;A5007114800;A5019996910;A5058807850;A5032560070;A5031820031;A5101764569;A5039773781;A5072328343;A5072945758;A5079292482;A5049688771;A5022536157;A5109864761,mems_3d,35
10,Albert van Rees;Andrea Alippi;Arne Leinse;Arthur James Lowery;Caterina Taballione;Caterina Taddei;Chris G.  H. Roeloffzen;D. V. Marchenko;Daniel J. Blumenthal;David A. I. Marpaung;Dimitri Geskus;Douwe H. Geuzebroek;Edwin Jan Klein;Erik Schreuder;Ilka Visscher;Jörn P. Epping;Kerstin Wörhoff;Klaus J. Boller;Leimeng Zhuang;Lennart Wevers;Marcel Hoekman;Meryem Benelajla;Paul W. L. van Dijk;René Heideman;Robert Grootjans;Roelof Bernardus Timens;Ronald Haentjens Dekker;Ruud M. Oldenbeuving;Yang Liu;Yiwei Xie;Youwen Fan,A5074735484;A5047288482;A5051191218;A5035252681;A5080784491;A5046342095;A5048741903;A5022499056;A5074088707;A5057021040;A5025978287;A5061158527;A5079740044;A5029708859;A5012720243;A5012545113;A5013511762;A5062087093;A5027543671;A5037407368;A5064993290;A5058373875;A5102754406;A5010915443;A5108113439;A5087755425;A5103827975;A5108093986;A5024972180;A5034401025;A5054223480,none,31
11,Anu Agarwal;Anupama Yadav;Brando Miranda;Bridget Bohlin;Carlos Ríos;Christopher Roberts;David Bono;David Favela;Derek Kita;Hongtao Lin;Hongtao Lin;Huashan Li;Huikai Zhong;Jamie Warner;Jeffrey B. Chou;Juejun Hu;Junying Li;Jérôme Michon;Kathleen Richardson;Kazumi Wada;Lionel C. Kimerling;Mikhail Y. Shalaginov;Myungkoo Kang;Paul Robinson;Qingyang Du;Si Zhou;Tian Gu;Vladimir Liberman;Yifei Zhang;Zhengqian Luo;Zhuoran Fang,A5091609101;name:yadav a;A5007251379;name:bohlin b;name:rios c;name:roberts c;A5113834474;A5030188961;A5036155779;name:lin h;A5080530037;name:li h#2;name:zhong h;name:warner j;name:chou j;A5111985787;name:li j;A5063570127;name:richardson k;A5082430220;A5063412518;name:shalaginov m;name:kang m;name:robinson p;name:du q;name:zhou s;A5040744605;name:liberman v;name:zhang y;A5063820039;name:fang z,none,31
12,Ankit Singla;Atul Kumar Singh;Atul Kumar Singh;G. M. Liu;Han Tian;Kai Chen;Kin Fai Tse;Kishore Ramachandran;Lei Xu;Lei Xu;Lei Xu;Li Chen;Shan Zhong;Wenxue Li;X. T. Huang;Xiaofeng Ye;Xinchen Wan;Xitao Wen;Xudong Liao;Yan Chen;Yan Chen;Yijun Sun;Yilun Jin;Yiming Zhang;Ying Zhang;Yueping Zhang;Yueping Zhang;Zhenghang Ren;Zhonghua Zhu;Zilong Wang,A5054293016;A5103703352;A5100732962;A5003327625;A5057313730;A5100438001;A5051771908;A5002194441;A5101775927;A5055195621;A5101775925;A5100379245;A5012337548;A5019529238;A5011841912;A5040133716;A5063239975;A5103563323;A5052148248;A5100378166;A5100378075;A5023319915;A5087553273;A5100395351;A5100386237;A5101482092;A5012391798;A5085112687;A5033539820;A5101665850,architecture_only,30
13,Antoine Bois;Chaolong Song;Chunhui Zhang;Chunshu Zhang;D. Celo;Dominic J. Goodwill;Dongyu Geng;Fei Zhao;Hamid Mehrvar;Jared C. Mikkelsen;Jia Jiang;Jifang He;Joyce K. S. Poon;Ming Li;Patrick Dumais;Patrick Lo;Shengyong Yan;Tianye Huang;Wanyuan Liu;Wesley D. Sacher;Xianshu Luo;Xin M. Tu;Ying Huang;Yisu Yang;Yuming Wei;Zhenmin Chen;Éric Bernier,A5079424791;A5020661480;A5100390395;A5048782183;A5068726078;A5028222893;A5112440859;A5071391027;A5029186641;A5046022333;A5101856185;A5100877190;A5080623778;A5100351349;A5004565845;A5078892645;A5101905519;A5063471318;A5025132110;A5045380113;A5090730117;A5018306500;A5084806807;A5043436473;A5027822147;A5067857269;A5112558035,thermo_optic,27
14,Alexander Miles;Amar Phanishayee;Arriel LaVena Miles;Brittany Lynn;Conor McArdle;Daniel C. Kilper;Daniel N. Carothers;Dinh Danh Le;Gireeja V. Ranade;Houman Rastegarfar;Janardhan Kulkarni;Jingyan Wang;John Wissinger;Liam P. Barry;Lloyd LaComb;Monia Ghobadi;Nasser N. Peyghambarian;Nikhil R. Devanur;Philip Perry;Pierre‐Alexandre Blanche;Ratul Mahajan;Robert A. Norwood;Youmin Wang,A5113716516;A5011102459;A5114048641;A5037876302;A5054643213;A5034922871;A5037542877;A5025210550;A5055069190;A5087882018;A5043137436;A5101615260;A5010907266;A5053429789;A5059914722;A5001286276;A5036843159;A5060217026;A5072501265;A5037362554;A5013518229;A5075427447;A5083407667,other,23
15,Anton Lukashchuk;Arslan S. Raja;Benn Charles Thomsen;Daniel Cletheroe;Fotini Karinou;Guanhao Huang;Hitesh Ballani;Hugh E. Williams;Istvan Haller;Jijun He;Junqiu Liu;Kai Shi;Krzysztof Jóźwik;Maxim Karpov;Nils J. Engelsen;Paolo Costa;Raphael Behrendt;Rui Ning Wang;Sophie Lange;Tianyi Liu;Tobias J. Kippenberg;Xin Fu,name:lukashchuk a;name:raja a;A5001754778;A5000796744;A5045719605;name:huang g;A5090179071;A5010040213;A5091400342;name:he j;name:liu j;A5058374672;A5087792867;name:karpov m;name:engelsen n;A5087216360;A5073704424;name:wang r;A5054801174;name:liu t;name:kippenberg t;name:fu x,soa,22
16,Chih‐Lung Lin;En‐Lin Hsiang;Fangwang Gou;Huan-Hsun Yen;Huang-Ming Philip Chen;Jhou-Pu Yang;Junyu Zou;Kun Yin;Po‐Cheng Lai;Qian Yang;Ran Chen;Shin-Tson T. Wu;Tao Zhan;Yannanqi Li;Yuge Huang;Zheng-Ning Hsu;Zhiyong Yang;Ziqian He,A5060570866;A5065064339;A5054402647;A5030018172;A5109424822;A5016502619;A5003910285;A5009696064;A5068033941;A5023686325;A5100400807;A5091088194;A5021397163;A5078302081;A5006016056;A5044781907;A5074293587;A5081046333,none,18
17,Changbo Wu;Peirui Cao;Shizhen Zhao;Weihao Jiang;Wu Dongchao;Ximeng Liu;Xinbing Wang;Xinchi Han;Yang Jian;Yike Liu;Yingming Mao;Yongxi Lv;Yuansen Chen;Zhang Zhanbang;Zhuoran Liu;Zhuotao Liu;Zihan Zhu,name:wu c;name:cao p#3;name:zhao s#7;name:jiang w#3;name:dongchao w;name:liu x#4;name:wang x#5;name:han x#5;name:jian y;name:liu y#2;name:mao y#3;name:lv y#2;name:chen y;name:zhanbang z;name:liu z#4;name:liu z#5;name:zhu z#2,architecture_only,17
18,A. Husain;Charles R. King;Daniel Reiley;Ezekiel J. Kruglick;Fan Li;John Gritters;K. Falta;M. Harburn;P.D. Dobblelaere;Peter De Dobbelaere;R. Chen;S. Gutierrez;Steffen Gloeckner;Susant K. Patra;Trai‐Ming Yeh;Yee Chong Loke,A5113158587;A5109886624;A5108138066;A5068509553;A5100373584;A5059519009;A5091471100;A5090185653;A5086317837;A5062099538;A5040041279;A5048665386;A5049956137;A5110944718;A5063815834;A5089259365,mems_2d,16
19,Hengyun Jiang;Jianxiong Li;Jiaqi Li;Kai Zhang;Lei Zhu;Liangjia Zong;Lidan Zhou;Lin Liu;Ning Deng;Siyuan Yu;Yuanhui Wen;Yuhua Duan;Yujie Chen;Yunfei Wu;Zenghui Peng;Zhaoxiang Zhu,A5103725349;A5100759591;A5100325927;A5100323901;name:zhu l;A5091643009;A5017466177;A5104261586;A5009790931;A5092199520;A5100995282;A5026290034;A5100459035;A5102974272;A5104010034;A5117154156,none,16
20,Daniel Kilper;Devika Dass;Dmitrii Briantcev;Eiji Oki;Eoin Kenny;Hideki Nishizawa;Hiroshi Ou;Hirotaka Ujikawa;Kazuya Anazawa;Koichi Takasugi;Marco Ruffini;Sumaiya Binte Ali;Takeru Inoue;Toru Mano;Yoshiaki Sone,name:kilper d;name:dass d;name:briantcev d;name:oki e;name:kenny e;name:nishizawa h;name:ou h;name:ujikawa h;name:anazawa k;name:takasugi k;name:ruffini m;name:ali s;name:inoue t;name:mano t;name:sone y,architecture_only,15
21,Chenchen Shou;Daxin Jiang;Guyue Liu;Hao Nie;Huaiyu Meng;Wenqing Lv;Yanbo Yu;Yelong Xu;Yibo Zhu;Yichen Shen;Yimin Jiang;Yu Zhou;Yuanwei Lu;Zhang Chen,name:shou c;name:jiang d;name:liu g;name:nie h;name:meng h;name:lv w;name:yu y;name:xu y;name:zhu y;name:shen y;name:jiang y;name:zhou y;name:lu y;name:chen z,architecture_only,14
22,Bingzhou Hong;Chengkun Yang;Di Wu;Fangchen Hu;Haiwen Cai;Lei Bi;Peng Zou;Ruoyu Shen;Shuyuan Liu;Tianchi Zhang;Wei Chu;Yiran Wei;Yucong Yang;Zhifeng Tu,name:hong b;name:yang c;name:wu d#2;name:hu f;name:cai h;name:bi l;name:zou p;name:shen r;name:liu s;name:zhang t#2;name:chu w;name:wei y;name:yang y;name:tu z,other,14
23,Ashish Tanwer;Himanshu Gupta;Himanshu Gupta;Himanshu Shah;Jon P. Longtin;M. Kavehrad;Navid Hamedazimi;Omar Alharbi;Peng Deng;Samir Ranjan Das;Tim Kane;Vyas Sekar;Zafar Ayyub Qazi,A5077735112;A5101643160;A5035915615;A5055487697;A5006970006;A5051960468;A5001729885;A5102920014;A5101757049;A5052004561;A5039396867;A5079175103;A5084362754,architecture_only,13
24,Chao Meng;Christopher Andrew Dirdal;Chuanshuo Wang;Cuo Wu;Fei Ding;Hao Chen;Jo Gjessing;Kun Xu;Lili Gui;Martin Thomaschewski;Paul C. V. Thrane;Sergey I. Bozhevolnyi;Xianglong Mei,A5071976013;A5063635396;A5103140518;A5085618050;A5056649838;A5100353674;A5004151865;A5043893150;A5058299939;A5088449065;A5037595040;A5070415188;A5102610533,none,13
25,Atsushi Hiramatsu;Ken‐ichi Kitayama;Masahiro Hayashitani;Mizukoshi Yasuhiro;Ryo Takahashi;Salah J Ibrahim;Tatsushi Nakahara;Toru Segawa;Yasumasa Suzaki;Yohei Hasegawa;Yue‐Cai Huang;Yuki Yoshida,A5111489195;A5042243247;A5060016204;A5044889650;A5043884951;A5034115257;A5102249542;A5104235486;A5110656674;A5061656163;A5033953049;A5034422539,architecture_only,12
26,Benwen Chen;Biaobing Jin;Caihong Zhang;Hangbing Guo;Huabing Wang;Jian Chen;Jingbo Wu;Kebin Fan;Peiheng Wu;Sheng Wang;Weili Li;Xinyu Hu,A5057142837;A5075622995;A5063684606;A5056509525;A5101452951;A5001908351;A5008873401;A5100773394;A5072436242;A5100371320;A5007486253;A5102012077,none,12
27,A. Chelnokov;Bert Jan Offrein;Chiara Marchiori;Christophe Rossel;Daniele Caimi;J. Fompeyrine;Marilyne Sousa;Marta D. Rossell;Rolf Erni;Stefan Abel;Thilo Stöferle,A5005659937;A5000532047;A5057571653;A5113703544;A5067104396;A5074033253;A5108862832;A5005243818;A5037189873;A5085766788;A5090262448,none,11
28,Andrea Annoni;Andrea Ivano Melloni;Emanuele Guglielmi;Francesco Morichetti;Giorgio Ferrari;Marc Sorel;Marco Carminati;Marco Sampietro;Michael John Strain;Pietro Ciccarella;Stefano Grillanda,A5019651427;A5043102840;A5017553353;A5007432815;A5003106491;A5084372344;A5028692100;A5016118049;A5024523945;A5085967812;A5059749263,thermo_optic,11
29,Peirui Cao;Shizhen Zhao;Shuyuan Zhang;Weihao Jiang;Ximeng Liu;Xinbing Wang;Xinchi Han;Yingming Mao;Yongxi Lv;ZhuoRan Liu;Zhuotao Liu,name:cao p#2;name:zhao s#4;name:zhang s#2;name:jiang w#2;name:liu x#2;name:wang x#3;name:han x#2;name:mao y;name:lv y;name:liu z;name:liu z#2,architecture_only,11
30,Joji Yamaguchi;Koichi Hadama;Masato MIZUKAMI;Mitsuhiro Makihara;Naru Nemoto;Satoshi Kuroyanagi;T. Nishi;Tsuyoshi Yamamoto;Yuko Kawajiri;雄三 石井,A5109410360;A5012411034;A5108896174;A5050206264;A5003486165;A5009159717;A5005790297;A5046026372;A5067086418;A5036692561,mems_3d,10
31,Chenghan Liu;Jianping Chen;Liangjun Lu;Linjie Zhou;Wei Gao;Xiaorui Li;Xin Li;Xin Li;Xinwan Li;Zuxiang Li,A5108839787;A5100437532;A5073876921;A5008158622;A5102003243;A5101556021;A5100353847;A5100730489;A5005191936;A5060809489,thermo_optic,10
32,Akihiro Isozaki;Hidetoshi Takahashi;Isao Shimoyama;Kiyoshi Matsumoto;Kuniaki Konishi;Makoto Kuwata‐Gonokami;Natsuki Kanda;Natsuki Nemoto;Tetsuo Kan,A5042843999;A5041066078;A5055249128;A5084309021;A5025871219;A5014987936;A5045039506;A5001438002;A5027860321,none,9
33,Andreas D. Wieck;Arne Ludwig;Camille Papon;Leonardo Midolo;Peter Lodahl;Rüdiger Schott;Sofie L. Hansen;Søren Stobbe;Weili Zhang,name:wieck a;name:ludwig a;name:papon c;name:midolo l;name:lodahl p;name:schott r;name:hansen s;name:stobbe s;name:zhang w,none,9
34,Hao Jia;Jianfeng Ding;Jincheng Dai;Lei Zhang;Lin Yang;Ting Zhou;Xin Fu;Yuhao Xia;Yunchou Zhao,A5003379938;A5103721428;A5069582226;A5035945279;A5025931500;A5033873033;A5000196334;A5101823755;A5020733691,thermo_optic,9
35,Chao Xu;Chi Zhang;Chi Zhang;Haisheng Tan;Jiahui Hou;Shaojie Tang;Xiang‐Yang Li;Yupeng Li;Zhenhua Han,A5047305204;A5083189212;A5100458193;A5067465324;A5033759584;A5050393292;A5100341802;A5100334823;A5049750274,architecture_only,9
36,Bo Liu;Cen Wang;Chuangbai Xiao;Hongxiang Guo;Jian Wu;Tongtong Yuan;Xiong Gao;Yinan Tang;Yong Zhu,A5042428983;A5101842485;A5075048365;A5075414103;A5106667264;A5042100540;A5046970118;A5033649899;A5102963353,architecture_only,9
37,Chen Avin;Dimitris Syrivelis;Giannis Patronas;Goran Dario Knabe;Ilias Marinos;Nikos Terzenidis;Paraskevas Bakopoulos;Stefan Schmid;Vamsi Addanki,name:avin c#3;name:syrivelis d;name:patronas g;name:knabe g;name:marinos i;name:terzenidis n;name:bakopoulos p;name:schmid s#4;name:addanki v#2,architecture_only,9
38,Fafan li;Qiaozhu Zhai;Shizhen Zhao;Xia Zhu;Ximeng Liu;Xinchi Han;Yingming Mao;Yuzhou Zhou;Zhen Yao,name:li f;name:zhai q;name:zhao s#6;name:zhu x;name:liu x#3;name:han x#4;name:mao y#2;name:zhou y#2;name:yao z,architecture_only,9
39,Bangbo Liang;Bin Yang;Bohua Xu;Di Yang;Guo Chen;Peihao Huang;Shizhen Zhao;Sicheng Zhao;Yupeng Chen,name:liang b;name:yang b;name:xu b;name:yang d;name:chen g;name:huang p;name:zhao s#9;name:zhao s#8;name:chen y#2,architecture_only,9
40,Daping P. Chu;Mike Pivnenko;Pawan Kumar Shrestha;Weijie Wu;Wenhan Zhang;Xin Chang;Zheng You;Zichen Zhang,A5035376050;A5070482641;A5023427443;A5017435776;A5086819949;A5015589356;A5041300353;A5100739118,none,8
41,Jinlei Huang;LI Bing-xiang;Lianqing Zhu;Pei Yuan;Qi Cheng Xu;Qijia Miao;Ran Xu;Yiyao Yang,A5079191768;A5115467741;A5108648548;A5101941807;A5018908193;name:miao q;A5007598396;A5112524204,none,8
42,Eiji Oki;Haruto Taka;Hideki Nishizawa;Kazuya Anazawa;Ryotaro Taniguchi;Takeru Inoue;Toru Mano;Yoshiaki Sone,A5047825950;A5081136305;A5062577045;A5032771500;A5066408160;A5081996202;A5023464420;A5108429356,architecture_only,8
43,Peirui Cao;Qinwei Yang;Shengkai Lin;Shizhen Zhao;Shuyao Qi;Weihao Jiang;Xinchi Han;Yunzhuo Liu,name:cao p;name:yang q;name:lin s;name:zhao s#3;name:qi s;name:jiang w;name:han x;name:liu y,architecture_only,8
44,Jeff D. Thompson;K. P. Nayak;Mikhail D. Lukin;Nathalie P. de Leon;T. G. Tiecke;Thibault Peyronel;Vladan Vuletić,A5086641609;A5044203726;A5066245772;A5025706101;A5109401997;A5047234269;A5110481134,none,7
45,Ayahito Uetake;Ken Morito;Mitsuru Ekawa;Seok–Hwan Jeong;Shinsuke Tanaka;Shuichi Tomabechi;Susumu Yamazaki,A5020822110;A5005968804;A5051155902;A5101753648;A5079528166;A5071903467;A5043681033,soa,7
46,Daniel P. Kelly;Kuldeep Amarnath;M. Datta;Marcel W. Pruessner;Ping-Tong Ho;Reza Ghodssi;Subramaniam Kanakaraju,A5028299159;A5072601322;A5107826941;A5001737064;A5102102592;A5082285398;A5110258754,mems_silicon_photonic,7
47,B.E. Nelson;Christof Debaes;David A. B. Miller;Diwakar Agarwal;Gordon A. Keeler;Hugo Thienpont;Noah C. Helman,A5069171738;A5071861331;A5044137053;A5024327160;A5039373299;A5067643219;A5107232775,none,7
48,Andreas Georgiou;Angela Davey;Anna M. Jeziorska-Chapman;Jamieson Christmas;John T. Moore;N. Collings;WILLIAM A. CROSSLAND,A5014522394;A5033665960;A5024717827;A5108752118;A5087596518;A5063244616;A5019155539,none,7
49,Haiying Shen;Malathi Veeraraghavan;Weiqiang Sun;Weisheng Hu;Xiao Lin;Xiaoyu Wang;Zhuozhao Li,A5064217355;A5077899795;A5101703557;A5015039354;A5046298844;A5100357633;A5087300252,architecture_only,7
50,Hao Zhang;Jiamiao Yang;Kun Huang;Lei Gong;Qian Ru Zhao;Xinyao Hu;Yinmei Li,A5100396966;A5040465828;A5079411042;A5018858174;A5076983477;A5000313452;A5113749727,none,7
51,H. Chiba;Hisashi Sumikura;Kengo Nozaki;Masaaki Ono;Masanori Hata;Masato Tsunekawa;Masaya Notomi,A5112308138;A5020918515;A5042083790;A5066458512;A5050916765;A5089966065;A5024170138,none,7
52,Almur A. S. Rabih;Frédéric Nabki;Jonathan Brière;Michaël Ménard;Niharika Kohli;Seyedfakhreddin Koorosh Nabavi;Suraj Sharma,A5051448566;A5058919102;A5002365357;A5016083141;A5030708793;A5021350285;A5100749370,mems_silicon_photonic,7
53,Avishek Nag;Cristina Rottondi;Darko Zibar;Francesco Musumeci;Irene Macaluso;Marco Ruffini;Massimo Tornatore,A5013684663;A5062230069;A5025311119;A5042021806;A5050129536;A5068107481;A5038468421,none,7
54,Andreas Fischer;Frank Niklaus;Fredrik Forsberg;Göran Stemme;Martin Lapisa;Niclas Roxhed;Simon J. Bleiker,A5004612728;A5085711393;A5060234126;A5061066057;A5087789386;A5017319114;A5006681830,none,7
55,David V. Plant;Jinsong Zhang;Luhua Xu;Mao Deng;Weijia Li;Yannick D’Mello;Zixian Wei,A5080230991;A5071959128;A5103103562;A5024898382;A5100613914;A5000009852;A5050379207,thermo_optic,7
56,Afsaneh Rahbar;Ang Chen;Sushovan Das;T. S. Eugene Ng;Weitao Wang;Xinyu Crystal Wu;Zhuang Wang,name:rahbar a;name:chen a;name:das s;name:ng t;name:wang w;name:wu x;name:wang z,architecture_only,7
57,Dongchao Wu;Jian Yang;Shizhen Zhao;Xinbing Wang;Xinchi Han;Zhanbang Zhang;Zihan Zhu,name:wu d;name:yang j#2;name:zhao s#5;name:wang x#4;name:han x#3;name:zhang z;name:zhu z,architecture_only,7
58,Hirohito Yamada;Lei Qiao;Satomi Ishida;Tao Chu;Weijie Tang;Yasuhiko Arakawa,A5037433724;A5084230378;A5111576452;A5059463562;A5103206740;A5001146133,thermo_optic,6
59,Amir Hosseini;David N. Kwong;John Covey;Ray T. Chen;Xiaochuan Xu;Yang Zhang,A5034583576;A5111913434;A5067262741;A5038900138;A5017895357;A5100354646,none,6
60,Erdal Bulgan;Kazuhiro Hane;Syotaro Abe;Yasushi Munemasa;Yoshiaki Kanamori;Yuta Akihama,A5005595297;A5060173388;A5113592637;A5030999113;A5023891001;A5045806014,mems_silicon_photonic,6
61,Geoffrey J. T. Cooper;Graham M. Gibson;Leroy Cronin;Michael P. Lee;Miles J. Padgett;Trevor Hinkley,A5019578745;A5078098105;A5027887380;A5058536506;A5040143352;A5085794325,none,6
62,Didier Colle;Filip Idzikowski;Mario Pickavet;Piet M. A. Demeester;Ward Van Heddeghem;Willem Vereecken,A5045659586;A5091801640;A5067298865;A5010807751;A5062388532;A5017884016,none,6
63,Lei Zhao;Li Jingdi;Liu Huabo;Ma Youheng;Xiaoqi Wang;Zhao Zhenhai,A5101599355;A5021177786;A5032634590;A5077478068;A5033456106;A5038509476,unclear,6
64,Gang Sun;Hongfang Yu;Huaman Zhou;Ling Liu;Shouxi Luo;Zonghang Li,A5053945147;A5101507232;A5024438027;A5100343973;A5075454046;A5022284072,architecture_only,6
65,Chunshu Li;Hao Zhang;Lin Zhang;Xiaoyan Zhou;Yongjun Guo;Yuhao Guo,A5007104412;A5085077058;A5100351910;A5100668086;A5012359729;A5053191073,none,6
66,Shijie Ke;Tao Chen;Zeyu Deng;Zhangqi Dang;Zhenming Ding;Ziyang Zhang,A5014859711;A5008273539;A5106745257;A5064178318;A5041542091;A5100357836,thermo_optic,6
67,Hua Huang;Huaxi Gu;Shuo Li;Songyan Wang;Xiaoshan Yu;Zeshan Chang,A5101550401;A5049448415;A5100386609;name:wang s;A5100804545;A5064406002,architecture_only,6
68,Anton Paramonov;Evgenii Feder;Iosif Salem;Pavel Mavrin;Stefan Schmid;Vitaly Aksenov,name:paramonov a;name:feder e;name:salem i;name:mavrin p;name:schmid s#2;name:aksenov v,architecture_only,6
69,Fumihiro Okazaki;Ken-ichi Sato;Kiyo Ishii;Ryousei Takano;Shu Namiki;Toshiyuki Shimizu,name:okazaki f;name:sato k;name:ishii k;name:takano r;name:namiki s;name:shimizu t,architecture_only,6
70,Hong Xu;Xin Tan;Yibo Zhu;Yicheng Feng;Yimin Jiang;Yu Zhou,name:xu h;name:tan x;name:zhu y#2;name:feng y;name:jiang y#2;name:zhou y#3,architecture_only,6
71,Arkadev Roy;Daniel Klawson;Jianheng Luo;Ming Wu;Sirui Tang;Yiyang Zhi,name:roy a;name:klawson d;name:luo j;name:wu m;name:tang s;name:zhi y,mems_silicon_photonic,6
72,I. Mito;K. Komatsu;Kiichi Hamamoto;Masahiro Sugimoto;Takayoshi ANAN,A5042873968;A5039345101;A5062298451;A5041032404;A5001403546,electro_optic,5
73,Anna Fontcuberta i Morral;Harry A. Atwater;James M. Zahler;Mark W. Wanlass;Scott P. Ahrenkiel,A5013293385;A5082887836;A5015441055;A5043865848;A5084165995,none,5
74,Antonio M. O. Ribeiro;Cristiano M. Gallep;Evandro Conforti;Napoleão S. Ribeiro;Rafael Figueirêdo,A5084039159;A5074358757;A5010550330;A5015813835;A5046788536,soa,5
75,Charles T. Sullivan;Chris P. Tigges;J.J. Lean;Olga Blum Spahn;Thor Bakke,A5110266195;A5072031167;A5049143289;A5046051498;A5088070400,mems_silicon_photonic,5
76,C. David Wright;Carlos A. Ríos;Harish Bhaskaran;Wolfram H. P. Pernice;Zengguang Cheng,A5002680380;A5073992949;A5026700547;A5015151220;A5069194283,none,5
77,Fengyuan Ren;Jiakun Bao;Ran Shu;Tong Zhang;Wenxue Cheng,A5080197427;A5041961752;A5008757709;A5100378820;A5024806055,architecture_only,5
78,Itsuki Urashima;Masahiko Jinno;Takahiro Kodama;Tsubasa Ishikawa;Yudai Uchida,A5088814058;A5073805584;A5067816297;A5066976800;A5008679299,mems_3d,5
79,Andreas Blenk;Chen Avin;Csaba Györgyi;Johannes Zerwas;Stefan Schmid,name:blenk a;name:avin c;name:gyorgyi c;name:zerwas j;name:schmid s,architecture_only,5
80,Daiyaan Arfeen;Minlan Yu;Peter Steenkiste;Shawn Shuoshuo Chen;Srinivasan Seshan,name:arfeen d;name:yu m;name:steenkiste p;name:chen s;name:seshan s,architecture_only,5
81,Guofu Zhu;Jingya Liu;Niangen Ye;Weiqiang Sun;Weisheng Hu,name:zhu g;name:liu j#2;name:ye n;name:sun w;name:hu w,architecture_only,5
82,Abubakr Nada;Arno Troch;Jeroen Famaey;Michael Peeters;Seyyidahmed Lahmer,name:nada a;name:troch a;name:famaey j;name:peeters m;name:lahmer s,architecture_only,5
83,Kostas Katrinis;Martin Collier;Muhammad Imran;Pascal Landais,A5000062930;A5029543164;A5089857163;A5030509397,architecture_only,4
84,Damien Bonneau;Jeremy L. O’Brien;Joshua W. Silverstone;Mark G. Thompson,A5069887076;A5037335973;A5059382224;A5064808655,none,4
85,Dries Vercruysse;Jelena Vučković;Ki Youl Yang;Neil V. Sapra,A5052167227;A5067782441;A5026356988;A5056924462,none,4
86,Jie Zhang;Shen Yan;Tianhe Liu;Wei Wang,A5100436731;A5101486905;A5048142223;A5116337743,architecture_only,4
87,Ghada H. Dushaq;Mahmoud Rasras;Solomon Micheal Serunjogi;Srinivasa Reddy Tamalampudi,A5067750398;A5041816488;A5036668812;A5090584316,none,4
88,Cosmin Caba;Liran Schour;Shay Vargaftik;Yaniv Ben-Itzhak,name:caba c;name:schour l;name:vargaftik s;name:ben-itzhak y,architecture_only,4
89,Lingzhi Luo;Qixiang Cheng;Richard V. Penty;Rui Ma,name:luo l;name:cheng q;name:penty r;name:ma r,electro_optic,4
90,Barry Lyu;Bhaskar Kataria;Eric Ding;Rachee Singh,name:lyu b;name:kataria b;name:ding e#3;name:singh r#3,architecture_only,4
91,Daniel Amir;Jakob Krebs;Mark Silberstein;Ori Cohen,name:amir d;name:krebs j;name:silberstein m;name:cohen o,architecture_only,4
92,Bill Lin;Isaac Keslassy;Kevin Liang;Litao Qiao,name:lin b;name:keslassy i;name:liang k;name:qiao l,architecture_only,4
93,Dong Wang;Hong Shen;Hui Tian;Xin Wang,name:wang d;name:shen h#2;name:tian h#2;name:wang x#6,architecture_only,4
94,Hong Shen;Hui Tian;Xin Wang;Ye Tao,name:shen h#3;name:tian h#3;name:wang x#7;name:tao y,architecture_only,4
95,Cliff Young;David Patterson;Norman P. Jouppi;Sridhar Lakshmanamurthy,name:young c;name:patterson d;name:jouppi n;name:lakshmanamurthy s,none,4
96,Behrouz Ebrahimi;Mehdi Vali;Mehrdad Saif,A5032717864;A5061542685;A5038291093,unclear,3
97,David J. Monk;Gary J. O'Brien;Liwei Lin,A5112555338;A5049671513;A5100383258,none,3
98,Fumio Yamagishi;M. Yano;Tetsuya Tsuda,A5013134913;A5109076494;A5069160241,mems_3d,3
99,Ehsan Keramati;Mazdak Teimoortashloo;Samsul Bahari Mohd Noor,A5022927076;A5032531732;A5108650044,unclear,3
100,Luying Zhou;Qirui Huang;Yong-Kee Yeo,A5100519164;A5045668551;A5109098394,unclear,3
101,Nabil N. Bitar;S. Gringeri;Tiejun J. Xia,A5069316970;A5075679129;A5079710827,none,3
102,Ian G. Clarke;Simon B. Poole;Stephen Frisken,A5043899980;A5102239017;A5081850723,none,3
103,Connor A. Watkins;Dingkang Wang;Huikai Xie,A5031368650;A5101585435;A5026793138,none,3
104,T. Cao;Tengjiang Hu;Yulong Zhao,A5059255255;A5101970939;A5056618863,none,3
105,Jingwen He;Tao Dong;Yue Xu,A5043750095;A5051907879;A5101636635,none,3
106,Antoine Gervais;Wei Shi;Ye Tian,A5072154092;A5000464748;A5065636498,none,3
107,Kenji Tanaka;M. Nakajima;Toshikazu Hashimoto,A5019594872;A5011670509;A5101512264,none,3
108,Sam Lin;Yixin Chen;Zi Jing Wong,A5044627344;A5100393440;A5045167553,none,3
109,Jingye Chen;Shi Zhao;Yaocheng Shi,A5006852343;A5027054998;name:shi y#2,none,3
110,Jiao Lin;Ke Wang;Xiaojun Chen,A5090970330;A5100730991;A5052282204,thermo_optic,3
111,Guangya Zhou;Junhui Wu;Tongtian Zhang,A5011457039;A5100833839;name:zhang t,unclear,3
112,Keren Bergman;Min Yee Teh;Shizhen Zhao,name:bergman k;name:teh m;name:zhao s,architecture_only,3
113,Alessandro Ottino;Georgios Zervas;Joshua Benjamin,name:ottino a;name:zervas g#2;name:benjamin j,architecture_only,3
114,Shizhen Zhao;Shu Shan;Shuyuan Zhang,name:zhao s#2;name:shan s;name:zhang s,architecture_only,3
115,Hong Shen;Hui Tian;Xin Wang,name:shen h;name:tian h;name:wang x#2,architecture_only,3
116,Chen Avin;Stefan Schmid;Vamsi Addanki,name:avin c#2;name:schmid s#3;name:addanki v,architecture_only,3
117,Chuhan Ouyang;Eric Ding;Rachee Singh,name:ouyang c;name:ding e#2;name:singh r#2,architecture_only,3
118,Feng Chen;Javier R. Vázquez de Aldana,A5100352728;A5036614803,none,2
119,K.N. Sivarajan;R. Ramaswami,A5041255610;A5065246898,none,2
120,Chunming Qiao;Myungsik Yoo,A5100728176;A5089437153,none,2
121,Cheng-Hua Tsai;Jui-che Tsai,A5064492461;A5020411733,unclear,2
122,Long Chen;Young-kai Chen,A5100336420;A5014132910,unclear,2
123,R. A. Spanke;Vladimír Beneš,A5051730914;A5090708085,unclear,2
124,Ethan G. Keeler;Lih Y. Lin,A5033583037;A5046162936,none,2
125,Amitangshu Pal;Krishna Kant,A5065166941;A5008563545,architecture_only,2
126,Ivan Plander;Michal Štepanovský,A5091022453;A5064387445,mems_3d,2
127,Christophe Gorecki;Sylwester Bargiel,A5019836940;A5007994744,none,2
128,Angsuman Sarkar;Kalyan Biswas,A5039050553;A5031299467,unclear,2
129,Devendra Chack;Gaurav Kumar,A5048220756;name:kumar g,thermo_optic,2
130,Georgios Zervas;Zacharaya Shabka,name:zervas g;name:shabka z,architecture_only,2
131,Eric Ding;Rachee Singh,name:ding e;name:singh r,unclear,2
132,Anton Juerss;Stefan Schmid,name:juerss a;name:schmid s#5,architecture_only,2
133,Kornkamol Thakulsukanant,A5048899608,unclear,1
134,Christopher Richard Doerr,A5009463231,none,1
135,Ashok V. Krishnamoorthy,A5008485416,none,1
136,Dong-Sik Shim,A5046350644,none,1
137,Andrew G. Rickman,A5061682311,none,1
138,Jonathan Turner,A5110102724,none,1
139,Jeremy Witzens,A5038060991,none,1
140,Efthymios N. Lallas,A5088211649,unclear,1
141,Vittorio Curri,A5044173756,none,1
142,Eylon E. Krause,name:krause e,architecture_only,1
